dataset,instances,Num Features,Unique Labels,Sil,Dbs
dim53-clusters20-instances350-overlap1e-06-1e-05-aspectref1.5-aspectmaxmin1-radius3-imbalance2-rep1,350,53,20,0.2201757623198175,1.4953278411787987
dim10-clusters3-instances350-overlap1e-06-1e-05-aspectref3-aspectmaxmin1-radius3-imbalance2-rep4,350,10,3,0.4496305096605446,0.8049298880852978
iono,351,34,2,0.15487902506233767,4.08644491721087
dim11-clusters12-instances400-overlap1e-06-1e-05-aspectref3-aspectmaxmin3-radius3-imbalance2-rep1,400,11,12,0.4911206604985993,0.826233583714011
dim53-clusters4-instances3000-overlap1e-06-1e-05-aspectref1.5-aspectmaxmin1-radius5-imbalance1-rep3,3000,53,4,0.31517907939225026,1.6718674363987032
dim10-clusters2-instances3500-overlap1e-06-1e-05-aspectref1.5-aspectmaxmin3-radius1-imbalance2-rep1,3500,10,2,0.5295360202938105,0.7417783637091969
zoo,101,16,7,0.3039716264714694,1.8586399351741554
dim11-clusters10-instances2500-overlap1e-06-1e-05-aspectref5-aspectmaxmin1-radius1-imbalance2-rep11,2500,11,10,0.4446224458258377,0.8856121782657042
dim10-clusters2-instances400-overlap1e-06-1e-05-aspectref1.5-aspectmaxmin1-radius1-imbalance1-rep4,400,10,2,0.5372582240390193,0.7262835452686253
dim5-clusters2-instances2750-overlap1e-06-1e-05-aspectref5-aspectmaxmin5-radius3-imbalance1-rep11,2750,5,2,0.4131285786825735,1.1533344469195543
dim10-clusters2-instances1500-overlap1e-06-1e-05-aspectref1.5-aspectmaxmin1-radius5-imbalance1-rep11,1500,10,2,0.5442659711419756,0.7504375765915039
heart-statlog,270,13,2,0.050146591797515655,4.156427207730943
dim99-clusters15-instances450-overlap1e-06-1e-05-aspectref3-aspectmaxmin3-radius1-imbalance2-rep3,450,99,15,0.13113956150852257,2.202926107330268
dim50-clusters21-instances500-overlap1e-06-1e-05-aspectref3-aspectmaxmin1-radius3-imbalance2-rep3,500,50,21,0.16255881239261813,1.665917994892715
dim52-clusters2-instances200-overlap1e-06-1e-05-aspectref3-aspectmaxmin3-radius5-imbalance1-rep2,200,52,2,0.2864658240706228,2.399100167082377
segment,2310,19,7,0.14369366637721812,2.3384589375454214
dim54-clusters13-instances1750-overlap1e-06-1e-05-aspectref1.5-aspectmaxmin3-radius1-imbalance1-rep1,1750,54,13,0.23598715187722513,1.5815233835416938
dim53-clusters11-instances1500-overlap1e-06-1e-05-aspectref3-aspectmaxmin1-radius5-imbalance1-rep2,1500,53,11,0.17357206306120285,1.8590374478283556
dim2-clusters4-instances2750-overlap1e-06-1e-05-aspectref5-aspectmaxmin1-radius5-imbalance2-rep11,2750,2,4,0.573806551612016,0.5885286159028291
dim10-clusters2-instances2000-overlap1e-06-1e-05-aspectref5-aspectmaxmin1-radius1-imbalance1-rep11,2000,10,2,0.4312110018866473,0.9806030368673739
glass,214,9,6,-0.09144138663411636,3.73631979010432
dim51-clusters18-instances200-overlap1e-06-1e-05-aspectref3-aspectmaxmin3-radius5-imbalance1-rep3,200,51,18,0.18585343818977398,1.69901172203766
iris,150,4,3,0.5032506980665505,0.7517428073901377
dim52-clusters20-instances450-overlap1e-06-1e-05-aspectref1.5-aspectmaxmin3-radius5-imbalance2-rep4,450,52,20,0.19868606984534498,1.5353953358750656
dim18-clusters4-instances2250-overlap1e-06-1e-05-aspectref1.5-aspectmaxmin5-radius1-imbalance1-rep11,2250,18,4,0.34430590649706466,1.1429154068901861
dim10-clusters4-instances400-overlap1e-06-1e-05-aspectref5-aspectmaxmin5-radius1-imbalance2-rep11,400,10,4,0.41331694578940714,0.9831821965840513
dim18-clusters4-instances2500-overlap1e-06-1e-05-aspectref1.5-aspectmaxmin1-radius5-imbalance1-rep11,2500,18,4,0.30063529565066155,1.1373150801245542
dim53-clusters15-instances2000-overlap1e-06-1e-05-aspectref1.5-aspectmaxmin1-radius3-imbalance1-rep3,2000,53,15,0.19126803847719678,1.6177225652011786
dim18-clusters4-instances4000-overlap1e-06-1e-05-aspectref1.5-aspectmaxmin3-radius3-imbalance2-rep2,4000,18,4,0.3833378067009426,0.983805044577591
dim2-clusters14-instances1500-overlap1e-06-1e-05-aspectref1.5-aspectmaxmin1-radius3-imbalance2-rep11,1500,2,14,0.7181734430136194,0.3462803956720081
dim3-clusters3-instances200-overlap1e-06-1e-05-aspectref3-aspectmaxmin1-radius5-imbalance1-rep4,200,3,3,0.6791656256472126,0.5132727071534134
dim5-clusters2-instances4500-overlap1e-06-1e-05-aspectref1.5-aspectmaxmin5-radius5-imbalance1-rep11,4500,5,2,0.5962814467789862,0.6426751884726227
dim71-clusters5-instances2250-overlap1e-06-1e-05-aspectref1.5-aspectmaxmin1-radius1-imbalance2-rep1,2250,71,5,0.192656738524422,1.863452922620733
dim54-clusters18-instances2250-overlap1e-06-1e-05-aspectref3-aspectmaxmin1-radius5-imbalance1-rep4,2250,54,18,0.18924294197426397,1.8437550648640177
dim70-clusters19-instances3500-overlap1e-06-1e-05-aspectref3-aspectmaxmin1-radius5-imbalance1-rep2,3500,70,19,0.11348918097557865,1.983027884353123
dim71-clusters6-instances2500-overlap1e-06-1e-05-aspectref3-aspectmaxmin1-radius3-imbalance2-rep2,2500,71,6,0.08024083320075817,2.1155464170308247
dim70-clusters21-instances4000-overlap1e-06-1e-05-aspectref1.5-aspectmaxmin1-radius1-imbalance1-rep4,4000,70,21,0.20058535093043123,1.7955713729217888
dim18-clusters4-instances4500-overlap1e-06-1e-05-aspectref1.5-aspectmaxmin1-radius3-imbalance2-rep2,4500,18,4,0.4122741885980772,0.9324599035778615
dim2-clusters4-instances3500-overlap1e-06-1e-05-aspectref5-aspectmaxmin5-radius1-imbalance1-rep11,3500,2,4,0.6087653047796482,0.5437764263174895
dim18-clusters4-instances500-overlap1e-06-1e-05-aspectref5-aspectmaxmin5-radius5-imbalance1-rep11,500,18,4,0.35940213302677665,1.7385728237615239
tae,151,5,3,-0.019198693057877643,9.1301455401467
dim53-clusters13-instances4500-overlap1e-06-1e-05-aspectref3-aspectmaxmin3-radius1-imbalance2-rep2,4500,53,13,0.21154921518557204,1.7326079830657137
dim3-clusters3-instances2000-overlap1e-06-1e-05-aspectref1.5-aspectmaxmin5-radius3-imbalance1-rep11,2000,3,3,0.7040895758953705,0.4764458068475598
dim2-clusters15-instances3500-overlap1e-06-1e-05-aspectref1.5-aspectmaxmin1-radius5-imbalance2-rep11,3500,2,15,0.7018065879218257,0.3643378695898506
dim2-clusters16-instances600-overlap1e-06-1e-05-aspectref5-aspectmaxmin1-radius3-imbalance2-rep11,600,2,16,0.6142399347636223,0.5877664975511558
dim5-clusters3-instances200-overlap1e-06-1e-05-aspectref5-aspectmaxmin1-radius3-imbalance1-rep11,200,5,3,0.5032568888008233,0.9517196182653999
dim3-clusters4-instances300-overlap1e-06-1e-05-aspectref3-aspectmaxmin3-radius5-imbalance1-rep2,300,3,4,0.6358511711763932,0.5634984397319776
dim2-clusters14-instances3500-overlap1e-06-1e-05-aspectref1.5-aspectmaxmin3-radius1-imbalance2-rep1,3500,2,14,0.7656694506116214,0.3117441382546406
dim5-clusters2-instances4000-overlap1e-06-1e-05-aspectref1.5-aspectmaxmin1-radius3-imbalance1-rep11,4000,5,2,0.6199302687083256,0.5668041279931273
letter,20000,16,26,0.008646092723126962,4.351126746775662
dim18-clusters4-instances2000-overlap1e-06-1e-05-aspectref5-aspectmaxmin1-radius5-imbalance1-rep11,2000,18,4,0.3996605685909257,1.6072371266839431
dim71-clusters19-instances600-overlap1e-06-1e-05-aspectref3-aspectmaxmin3-radius1-imbalance1-rep1,600,71,19,0.16562372899585148,1.9250569564865658
balance-scale,625,4,3,0.08883079139216245,4.218747293065079
dim54-clusters8-instances200-overlap1e-06-1e-05-aspectref1.5-aspectmaxmin3-radius3-imbalance2-rep3,200,54,8,0.23736122718023012,1.565327820281369
vehicle,846,18,4,-0.08559741374526961,12.629753297704628
wdbc,569,30,2,0.5136967682373823,0.7206452123084452
dim54-clusters2-instances200-overlap1e-06-1e-05-aspectref1.5-aspectmaxmin3-radius3-imbalance2-rep2,200,54,2,0.16305111748447437,1.7084463412719162
dim11-clusters10-instances3500-overlap1e-06-1e-05-aspectref1.5-aspectmaxmin5-radius3-imbalance2-rep11,3500,11,10,0.5011439817261203,0.7644570091285053
dim2-clusters6-instances3000-overlap1e-06-1e-05-aspectref5-aspectmaxmin5-radius1-imbalance2-rep11,3000,2,6,0.6295918551447448,0.492559117525162
dim18-clusters5-instances2500-overlap1e-06-1e-05-aspectref1.5-aspectmaxmin1-radius1-imbalance1-rep4,2500,18,5,0.41942607421203937,0.9672205929493932
german,1000,7,2,0.11216206874260427,4.821596628767406
dim5-clusters3-instances4000-overlap1e-06-1e-05-aspectref1.5-aspectmaxmin1-radius3-imbalance2-rep4,4000,5,3,0.6140029824130818,0.5019868783286697
arrhythmia,452,262,13,-0.02505189441101553,3.9967667294626392
dim99-clusters18-instances1750-overlap1e-06-1e-05-aspectref1.5-aspectmaxmin3-radius3-imbalance1-rep1,1750,99,18,0.06734452189226961,2.248689159695072
dim52-clusters7-instances300-overlap1e-06-1e-05-aspectref3-aspectmaxmin1-radius5-imbalance2-rep3,300,52,7,0.13473342700984087,1.8742996352724275
dim11-clusters13-instances2500-overlap1e-06-1e-05-aspectref5-aspectmaxmin1-radius3-imbalance1-rep11,2500,11,13,0.43836532566938674,0.931926730947905
dim11-clusters12-instances300-overlap1e-06-1e-05-aspectref1.5-aspectmaxmin1-radius1-imbalance1-rep11,300,11,12,0.4754801696070654,0.7979030254848481
dim99-clusters10-instances200-overlap1e-06-1e-05-aspectref3-aspectmaxmin3-radius3-imbalance2-rep3,200,99,10,0.027386318228991006,2.288498514713662
dim11-clusters12-instances2500-overlap1e-06-1e-05-aspectref5-aspectmaxmin5-radius3-imbalance1-rep11,2500,11,12,0.48122848067702917,0.8177204016733167
wisc,699,9,2,0.5701845290281107,0.8024613381343801
dermatology,366,34,6,-0.052741750811178406,5.997693293781986
dim54-clusters18-instances3000-overlap1e-06-1e-05-aspectref3-aspectmaxmin3-radius5-imbalance1-rep4,3000,54,18,0.1530588982398248,1.7969954953491292
sonar,208,60,2,0.030142456901451307,5.685775044966328
dim53-clusters19-instances4500-overlap1e-06-1e-05-aspectref3-aspectmaxmin3-radius5-imbalance1-rep2,4500,53,19,0.15675815895405593,1.8788189877264407
dim52-clusters19-instances450-overlap1e-06-1e-05-aspectref1.5-aspectmaxmin1-radius5-imbalance2-rep3,450,52,19,0.21303585309477602,1.5109130757714033
dim2-clusters3-instances4000-overlap1e-06-1e-05-aspectref5-aspectmaxmin5-radius5-imbalance1-rep11,4000,2,3,0.5960776847674323,0.5633630133283695
ecoli,336,7,8,0.2382407258501357,1.5753319355303452
dim54-clusters18-instances3000-overlap1e-06-1e-05-aspectref3-aspectmaxmin3-radius3-imbalance2-rep3,3000,54,18,0.15717614092874124,1.7216516650536622
dim54-clusters11-instances1750-overlap1e-06-1e-05-aspectref1.5-aspectmaxmin3-radius1-imbalance1-rep3,1750,54,11,0.2382310104350415,1.5805207031891138
wine,178,13,3,0.20008297882823034,1.5154862521642123
dim2-clusters5-instances4500-overlap1e-06-1e-05-aspectref1.5-aspectmaxmin1-radius5-imbalance2-rep11,4500,2,5,0.7113996937545246,0.3407009362752757
dim10-clusters2-instances4500-overlap1e-06-1e-05-aspectref1.5-aspectmaxmin3-radius3-imbalance1-rep3,4500,10,2,0.5763222183073075,0.6632879401734442
dim2-clusters4-instances550-overlap1e-06-1e-05-aspectref1.5-aspectmaxmin1-radius3-imbalance1-rep4,550,2,4,0.7562725037875806,0.29132579539003006
dim10-clusters2-instances4500-overlap1e-06-1e-05-aspectref5-aspectmaxmin1-radius1-imbalance1-rep11,4500,10,2,0.41312332822897313,1.0301118965573182
dim2-clusters14-instances2500-overlap1e-06-1e-05-aspectref5-aspectmaxmin5-radius3-imbalance1-rep11,2500,2,14,0.615669667888669,0.5641387991305657
dim3-clusters3-instances1750-overlap1e-06-1e-05-aspectref3-aspectmaxmin1-radius5-imbalance1-rep1,1750,3,3,0.678312690335055,0.513661364100774
thy,215,5,3,0.38350028530166275,1.2444333530707423
dim11-clusters11-instances2000-overlap1e-06-1e-05-aspectref3-aspectmaxmin3-radius3-imbalance1-rep4,2000,11,11,0.46751139495012944,0.8714978770655826
dim3-clusters3-instances3000-overlap1e-06-1e-05-aspectref5-aspectmaxmin1-radius3-imbalance2-rep11,3000,3,3,0.6353277470793824,0.543529228091443
dim11-clusters12-instances200-overlap1e-06-1e-05-aspectref1.5-aspectmaxmin1-radius1-imbalance1-rep11,200,11,12,0.5144796403086894,0.7167106435902985
dim10-clusters3-instances3500-overlap1e-06-1e-05-aspectref5-aspectmaxmin1-radius5-imbalance2-rep11,3500,10,3,0.2976291643816684,1.5028461158522648
yeast,1484,8,10,3.258179767429507e-05,2.928163194879475
dim71-clusters11-instances2250-overlap1e-06-1e-05-aspectref3-aspectmaxmin3-radius1-imbalance1-rep1,2250,71,11,0.17157117674719297,1.9977825476603541
dim2-clusters15-instances200-overlap1e-06-1e-05-aspectref3-aspectmaxmin3-radius5-imbalance1-rep1,200,2,15,0.7373559996766275,0.4085678348783699
dim3-clusters3-instances1750-overlap1e-06-1e-05-aspectref1.5-aspectmaxmin5-radius3-imbalance2-rep11,1750,3,3,0.6119345124784068,0.4478532910733522
dim2-clusters3-instances2000-overlap1e-06-1e-05-aspectref5-aspectmaxmin1-radius1-imbalance1-rep11,2000,2,3,0.5576383942237088,0.6857073849247527
dim18-clusters5-instances200-overlap1e-06-1e-05-aspectref1.5-aspectmaxmin3-radius5-imbalance1-rep4,200,18,5,0.4613908298687555,1.0184386170889075
dim51-clusters15-instances2000-overlap1e-06-1e-05-aspectref1.5-aspectmaxmin3-radius3-imbalance2-rep2,2000,51,15,0.2383594742182272,1.5260057111355525
dim99-clusters10-instances3500-overlap1e-06-1e-05-aspectref3-aspectmaxmin3-radius3-imbalance2-rep1,3500,99,10,0.046348851591447894,2.5440045865957464
dim11-clusters11-instances2500-overlap1e-06-1e-05-aspectref1.5-aspectmaxmin3-radius3-imbalance2-rep2,2500,11,11,0.5116965668468154,0.7199185391456772
dim3-clusters4-instances350-overlap1e-06-1e-05-aspectref5-aspectmaxmin1-radius3-imbalance1-rep11,350,3,4,0.6356498226605627,0.5126329880972407
dim71-clusters7-instances2500-overlap1e-06-1e-05-aspectref1.5-aspectmaxmin3-radius1-imbalance1-rep2,2500,71,7,0.19114311474997564,1.8573720709777246
dim5-clusters3-instances350-overlap1e-06-1e-05-aspectref1.5-aspectmaxmin5-radius3-imbalance1-rep11,350,5,3,0.6209088654597057,0.5271298559874658
dim70-clusters13-instances4500-overlap1e-06-1e-05-aspectref3-aspectmaxmin1-radius5-imbalance2-rep1,4500,70,13,0.13222788571125335,2.030913654501601
haberman,306,3,2,0.0597219507631459,4.725836847244438
dim3-clusters3-instances300-overlap1e-06-1e-05-aspectref5-aspectmaxmin5-radius5-imbalance1-rep11,300,3,3,0.4921319721072094,1.0062846160220402
dim5-clusters2-instances3000-overlap1e-06-1e-05-aspectref5-aspectmaxmin5-radius3-imbalance2-rep11,3000,5,2,0.282551478980156,1.1858321184695841
dim71-clusters2-instances2000-overlap1e-06-1e-05-aspectref1.5-aspectmaxmin3-radius5-imbalance1-rep2,2000,71,2,0.29609839947083444,2.0370355650761596
dim70-clusters15-instances400-overlap1e-06-1e-05-aspectref3-aspectmaxmin3-radius3-imbalance1-rep1,400,70,15,0.12491017303361202,1.9605070956764883
dim11-clusters10-instances200-overlap1e-06-1e-05-aspectref5-aspectmaxmin1-radius3-imbalance1-rep11,200,11,10,0.3397120933937265,1.2038511143010178
dim18-clusters5-instances1500-overlap1e-06-1e-05-aspectref5-aspectmaxmin5-radius5-imbalance2-rep11,1500,18,5,0.14322760302877457,2.004355861494603
dim5-clusters3-instances1500-overlap1e-06-1e-05-aspectref1.5-aspectmaxmin1-radius1-imbalance2-rep3,1500,5,3,0.6642699350514252,0.4842420273748855
dim10-clusters4-instances450-overlap1e-06-1e-05-aspectref3-aspectmaxmin1-radius3-imbalance1-rep2,450,10,4,0.5023055889593162,0.8237052506340488
dim18-clusters5-instances550-overlap1e-06-1e-05-aspectref1.5-aspectmaxmin1-radius5-imbalance1-rep11,550,18,5,0.36245257379593404,1.1309812111483364
dim51-clusters20-instances400-overlap1e-06-1e-05-aspectref1.5-aspectmaxmin1-radius1-imbalance2-rep4,400,51,20,0.25324496263709245,1.4477636869003665
dim2-clusters6-instances1750-overlap1e-06-1e-05-aspectref1.5-aspectmaxmin1-radius5-imbalance2-rep11,1750,2,6,0.7153326255454118,0.3322942557584256
vowel,990,10,11,0.008558210334687176,4.339670470095523
dim5-clusters2-instances3000-overlap1e-06-1e-05-aspectref3-aspectmaxmin1-radius3-imbalance2-rep1,3000,5,2,0.47697532480212307,0.7263270704602123
dim52-clusters20-instances2250-overlap1e-06-1e-05-aspectref1.5-aspectmaxmin3-radius1-imbalance1-rep4,2250,52,20,0.24185869039736432,1.5424782595913826
dim2-clusters16-instances1750-overlap1e-06-1e-05-aspectref3-aspectmaxmin3-radius3-imbalance2-rep1,1750,2,16,0.6840005047336521,0.43658784784799426
dim2-clusters14-instances4000-overlap1e-06-1e-05-aspectref1.5-aspectmaxmin1-radius5-imbalance2-rep11,4000,2,14,0.7014829455975758,0.36159493550916816
dim11-clusters13-instances3500-overlap1e-06-1e-05-aspectref5-aspectmaxmin1-radius1-imbalance1-rep11,3500,11,13,0.36001526186704325,1.0822126888148635
