,dataset,opt,sil,ari,dbs
0,dim10-clusters2-instances1500-overlap1e-06-1e-05-aspectref1.5-aspectmaxmin1-radius5-imbalance1-rep11,AutoML4Clust,0.4814414244238096,0.7274821091289366,1.6066497855699202
1,dim10-clusters2-instances1500-overlap1e-06-1e-05-aspectref1.5-aspectmaxmin1-radius5-imbalance1-rep11,Autocluster,0.27097484276026296,0.7205380208642039,2.6826880925967824
2,dim10-clusters2-instances1500-overlap1e-06-1e-05-aspectref1.5-aspectmaxmin1-radius5-imbalance1-rep11,ML2DAC,0.5436626345688074,0.9840533624970526,0.7548765138637271
3,dim10-clusters2-instances1500-overlap1e-06-1e-05-aspectref1.5-aspectmaxmin1-radius5-imbalance1-rep11,cSmartML,-0.03521805187000698,0.4062432583747095,1.4211326207508463
4,dim10-clusters2-instances2000-overlap1e-06-1e-05-aspectref5-aspectmaxmin1-radius1-imbalance1-rep11,AutoML4Clust,0.2938613576722451,0.6784384442263547,1.319701305511507
5,dim10-clusters2-instances2000-overlap1e-06-1e-05-aspectref5-aspectmaxmin1-radius1-imbalance1-rep11,Autocluster,-0.17003839931030676,0.06961774820644111,4.782147252203993
6,dim10-clusters2-instances2000-overlap1e-06-1e-05-aspectref5-aspectmaxmin1-radius1-imbalance1-rep11,ML2DAC,0.4312110018866473,1.0,0.9806030368673738
7,dim10-clusters2-instances2000-overlap1e-06-1e-05-aspectref5-aspectmaxmin1-radius1-imbalance1-rep11,cSmartML,0.4312110018866473,1.0,0.9806030368673739
8,dim10-clusters2-instances3500-overlap1e-06-1e-05-aspectref1.5-aspectmaxmin3-radius1-imbalance2-rep1,AutoML4Clust,0.2019015661466624,0.3366147381240708,1.4021063054837197
9,dim10-clusters2-instances3500-overlap1e-06-1e-05-aspectref1.5-aspectmaxmin3-radius1-imbalance2-rep1,Autocluster,0.02060689704189984,0.1540188361043907,3.2945622413826796
10,dim10-clusters2-instances3500-overlap1e-06-1e-05-aspectref1.5-aspectmaxmin3-radius1-imbalance2-rep1,ML2DAC,0.17916681205734164,0.6519577403172331,1.0450782388584636
11,dim10-clusters2-instances3500-overlap1e-06-1e-05-aspectref1.5-aspectmaxmin3-radius1-imbalance2-rep1,cSmartML,0.372530898435691,0.8107532604442063,1.648232844683753
12,dim10-clusters2-instances400-overlap1e-06-1e-05-aspectref1.5-aspectmaxmin1-radius1-imbalance1-rep4,AutoML4Clust,0.2595616891428821,0.6053507763267199,1.6871650799880615
13,dim10-clusters2-instances400-overlap1e-06-1e-05-aspectref1.5-aspectmaxmin1-radius1-imbalance1-rep4,Autocluster,0.05119147375472991,0.47365059553085265,3.0805023960429523
14,dim10-clusters2-instances400-overlap1e-06-1e-05-aspectref1.5-aspectmaxmin1-radius1-imbalance1-rep4,ML2DAC,0.5372582240390193,1.0,0.7262835452686253
15,dim10-clusters2-instances400-overlap1e-06-1e-05-aspectref1.5-aspectmaxmin1-radius1-imbalance1-rep4,cSmartML,0.42033741079105147,0.901153435533024,1.4949297059084907
16,dim10-clusters2-instances4500-overlap1e-06-1e-05-aspectref1.5-aspectmaxmin3-radius3-imbalance1-rep3,AutoML4Clust,0.34648142007813015,0.6636161554967548,1.1517720383542138
17,dim10-clusters2-instances4500-overlap1e-06-1e-05-aspectref1.5-aspectmaxmin3-radius3-imbalance1-rep3,Autocluster,0.5414391928914049,0.9988890369493285,0.6404983352266753
18,dim10-clusters2-instances4500-overlap1e-06-1e-05-aspectref1.5-aspectmaxmin3-radius3-imbalance1-rep3,ML2DAC,0.5759719347661707,0.9849426286734442,0.6658507106510547
19,dim10-clusters2-instances4500-overlap1e-06-1e-05-aspectref1.5-aspectmaxmin3-radius3-imbalance1-rep3,cSmartML,0.5029924831222035,0.884644396459876,1.5988474164643096
20,dim10-clusters2-instances4500-overlap1e-06-1e-05-aspectref5-aspectmaxmin1-radius1-imbalance1-rep11,AutoML4Clust,0.2915140124908888,0.6689039406352002,1.2773643215536856
21,dim10-clusters2-instances4500-overlap1e-06-1e-05-aspectref5-aspectmaxmin1-radius1-imbalance1-rep11,Autocluster,0.41312332822897313,1.0,1.0301118965573182
22,dim10-clusters2-instances4500-overlap1e-06-1e-05-aspectref5-aspectmaxmin1-radius1-imbalance1-rep11,ML2DAC,0.11230385626079263,0.6666868394107053,1.2028658202771896
23,dim10-clusters2-instances4500-overlap1e-06-1e-05-aspectref5-aspectmaxmin1-radius1-imbalance1-rep11,cSmartML,-0.17230930603629815,0.17908837462399457,1.5288569593766435
24,dim10-clusters3-instances350-overlap1e-06-1e-05-aspectref3-aspectmaxmin1-radius3-imbalance2-rep4,AutoML4Clust,0.40019012146894095,0.8247122456978259,1.1235784661139852
25,dim10-clusters3-instances350-overlap1e-06-1e-05-aspectref3-aspectmaxmin1-radius3-imbalance2-rep4,Autocluster,0.25260551906897094,0.6745420620482863,2.2289394633970963
26,dim10-clusters3-instances350-overlap1e-06-1e-05-aspectref3-aspectmaxmin1-radius3-imbalance2-rep4,ML2DAC,0.4089859812042003,0.8395882468681144,1.2185740516100674
27,dim10-clusters3-instances350-overlap1e-06-1e-05-aspectref3-aspectmaxmin1-radius3-imbalance2-rep4,cSmartML,0.15130239612134522,-0.0030182198626997727,0.6311827235471386
28,dim10-clusters3-instances3500-overlap1e-06-1e-05-aspectref5-aspectmaxmin1-radius5-imbalance2-rep11,AutoML4Clust,0.29821779773400575,0.5445356239732488,2.2148368580281903
29,dim10-clusters3-instances3500-overlap1e-06-1e-05-aspectref5-aspectmaxmin1-radius5-imbalance2-rep11,Autocluster,0.2397859767490893,0.2941291084019622,3.0298232711496285
30,dim10-clusters3-instances3500-overlap1e-06-1e-05-aspectref5-aspectmaxmin1-radius5-imbalance2-rep11,ML2DAC,0.32460949087213137,0.695550662184492,4.85358854249206
31,dim10-clusters3-instances3500-overlap1e-06-1e-05-aspectref5-aspectmaxmin1-radius5-imbalance2-rep11,cSmartML,-0.40930828715894796,0.0034058860691972828,1.523874909784599
32,dim10-clusters4-instances400-overlap1e-06-1e-05-aspectref5-aspectmaxmin5-radius1-imbalance2-rep11,AutoML4Clust,0.3956718701558059,0.997267401346342,1.0333353215090633
33,dim10-clusters4-instances400-overlap1e-06-1e-05-aspectref5-aspectmaxmin5-radius1-imbalance2-rep11,Autocluster,0.3178658348321165,0.6696300685512295,1.349733606880541
34,dim10-clusters4-instances400-overlap1e-06-1e-05-aspectref5-aspectmaxmin5-radius1-imbalance2-rep11,ML2DAC,0.4133169457894071,1.0,0.9831821965840514
35,dim10-clusters4-instances400-overlap1e-06-1e-05-aspectref5-aspectmaxmin5-radius1-imbalance2-rep11,cSmartML,0.3620020112150287,0.24811898903807605,0.914694920021899
36,dim10-clusters4-instances450-overlap1e-06-1e-05-aspectref3-aspectmaxmin1-radius3-imbalance1-rep2,AutoML4Clust,0.4642569429683368,0.9236074650532022,1.0664701397096412
37,dim10-clusters4-instances450-overlap1e-06-1e-05-aspectref3-aspectmaxmin1-radius3-imbalance1-rep2,Autocluster,-0.006072222423894443,0.4940346962549847,1.8913546814802458
38,dim10-clusters4-instances450-overlap1e-06-1e-05-aspectref3-aspectmaxmin1-radius3-imbalance1-rep2,ML2DAC,0.5023055889593162,1.0,0.8237052506340486
39,dim10-clusters4-instances450-overlap1e-06-1e-05-aspectref3-aspectmaxmin1-radius3-imbalance1-rep2,cSmartML,0.24413034736077216,0.5396978104609391,1.334376155571732
40,dim11-clusters10-instances200-overlap1e-06-1e-05-aspectref5-aspectmaxmin1-radius3-imbalance1-rep11,AutoML4Clust,0.3952890867562322,0.31884777220193566,0.9473026417791868
41,dim11-clusters10-instances200-overlap1e-06-1e-05-aspectref5-aspectmaxmin1-radius3-imbalance1-rep11,Autocluster,0.18097464320428747,0.43748122271349354,1.4070887602082982
42,dim11-clusters10-instances200-overlap1e-06-1e-05-aspectref5-aspectmaxmin1-radius3-imbalance1-rep11,ML2DAC,0.1455727287402899,0.016434549145686234,0.28946669995119195
43,dim11-clusters10-instances200-overlap1e-06-1e-05-aspectref5-aspectmaxmin1-radius3-imbalance1-rep11,cSmartML,0.25470956991526855,0.511195319475875,1.213856101440017
44,dim11-clusters10-instances2500-overlap1e-06-1e-05-aspectref5-aspectmaxmin1-radius1-imbalance2-rep11,AutoML4Clust,0.418704430199531,0.9744128926722571,0.9441204265112244
45,dim11-clusters10-instances2500-overlap1e-06-1e-05-aspectref5-aspectmaxmin1-radius1-imbalance2-rep11,Autocluster,0.1838340242819052,0.49695709825724665,2.022795067937669
46,dim11-clusters10-instances2500-overlap1e-06-1e-05-aspectref5-aspectmaxmin1-radius1-imbalance2-rep11,ML2DAC,0.4270540033145419,0.9635799484399503,0.9368701577131737
47,dim11-clusters10-instances2500-overlap1e-06-1e-05-aspectref5-aspectmaxmin1-radius1-imbalance2-rep11,cSmartML,0.04866139862602964,0.03142378244176788,0.8529958011100318
48,dim11-clusters10-instances3500-overlap1e-06-1e-05-aspectref1.5-aspectmaxmin5-radius3-imbalance2-rep11,AutoML4Clust,0.37144545912220367,0.8143018280815574,1.2516697964798504
49,dim11-clusters10-instances3500-overlap1e-06-1e-05-aspectref1.5-aspectmaxmin5-radius3-imbalance2-rep11,Autocluster,0.22944720247046657,0.533304072545495,1.7860639079616543
50,dim11-clusters10-instances3500-overlap1e-06-1e-05-aspectref1.5-aspectmaxmin5-radius3-imbalance2-rep11,ML2DAC,0.1740507050298463,0.49234579276416357,1.5671974872083372
51,dim11-clusters11-instances2000-overlap1e-06-1e-05-aspectref3-aspectmaxmin3-radius3-imbalance1-rep4,AutoML4Clust,0.44928234374212067,0.9782472931417016,1.024833369500056
52,dim11-clusters11-instances2000-overlap1e-06-1e-05-aspectref3-aspectmaxmin3-radius3-imbalance1-rep4,Autocluster,0.301014675585736,0.5891818759719036,1.6571321790200433
53,dim11-clusters11-instances2000-overlap1e-06-1e-05-aspectref3-aspectmaxmin3-radius3-imbalance1-rep4,ML2DAC,0.45048436204492254,0.9423713816947882,0.9053381321109247
54,dim11-clusters11-instances2000-overlap1e-06-1e-05-aspectref3-aspectmaxmin3-radius3-imbalance1-rep4,cSmartML,0.29256022197125525,0.08697905411826944,0.9571678032928528
55,dim11-clusters11-instances2500-overlap1e-06-1e-05-aspectref1.5-aspectmaxmin3-radius3-imbalance2-rep2,AutoML4Clust,0.4936942049273014,0.977168655695777,0.8689480237340886
56,dim11-clusters11-instances2500-overlap1e-06-1e-05-aspectref1.5-aspectmaxmin3-radius3-imbalance2-rep2,Autocluster,0.21798348989795488,0.7598021408756883,2.351369740509421
57,dim11-clusters11-instances2500-overlap1e-06-1e-05-aspectref1.5-aspectmaxmin3-radius3-imbalance2-rep2,ML2DAC,0.4960356041010637,0.9477696128768588,0.9085225303400261
58,dim11-clusters11-instances2500-overlap1e-06-1e-05-aspectref1.5-aspectmaxmin3-radius3-imbalance2-rep2,cSmartML,0.23743761417814074,0.17370291933431886,1.5568552112524712
59,dim11-clusters12-instances200-overlap1e-06-1e-05-aspectref1.5-aspectmaxmin1-radius1-imbalance1-rep11,AutoML4Clust,0.4959765583738198,0.996742649682613,0.7534946736167503
60,dim11-clusters12-instances200-overlap1e-06-1e-05-aspectref1.5-aspectmaxmin1-radius1-imbalance1-rep11,Autocluster,0.2456019558876421,0.3999760046412143,1.6013964887058911
61,dim11-clusters12-instances200-overlap1e-06-1e-05-aspectref1.5-aspectmaxmin1-radius1-imbalance1-rep11,ML2DAC,0.4839799629075275,0.9347974451094357,0.8676980352759194
62,dim11-clusters12-instances200-overlap1e-06-1e-05-aspectref1.5-aspectmaxmin1-radius1-imbalance1-rep11,cSmartML,0.22383714522639855,0.1927131821590616,1.6244769277438897
63,dim11-clusters12-instances2500-overlap1e-06-1e-05-aspectref5-aspectmaxmin5-radius3-imbalance1-rep11,AutoML4Clust,0.4477951896226709,0.9402565069348884,1.0303893007882112
64,dim11-clusters12-instances2500-overlap1e-06-1e-05-aspectref5-aspectmaxmin5-radius3-imbalance1-rep11,Autocluster,0.256227209780866,0.7676921643319886,1.8607108281200697
65,dim11-clusters12-instances2500-overlap1e-06-1e-05-aspectref5-aspectmaxmin5-radius3-imbalance1-rep11,ML2DAC,0.45696505490849093,0.948133612753211,1.0711327931528212
66,dim11-clusters12-instances2500-overlap1e-06-1e-05-aspectref5-aspectmaxmin5-radius3-imbalance1-rep11,cSmartML,0.3496795263069799,0.15769420407741522,1.2096262914342062
67,dim11-clusters12-instances300-overlap1e-06-1e-05-aspectref1.5-aspectmaxmin1-radius1-imbalance1-rep11,AutoML4Clust,0.4295793500484604,0.9756360477307324,0.993260916546529
68,dim11-clusters12-instances300-overlap1e-06-1e-05-aspectref1.5-aspectmaxmin1-radius1-imbalance1-rep11,Autocluster,0.25789520005491534,0.6855995611718103,1.6700362393036683
69,dim11-clusters12-instances300-overlap1e-06-1e-05-aspectref1.5-aspectmaxmin1-radius1-imbalance1-rep11,ML2DAC,0.4749519250689301,0.9981503607370985,0.8004750907329886
70,dim11-clusters12-instances300-overlap1e-06-1e-05-aspectref1.5-aspectmaxmin1-radius1-imbalance1-rep11,cSmartML,0.16206964609588545,0.10445959407615654,0.6987604344666959
71,dim11-clusters12-instances400-overlap1e-06-1e-05-aspectref3-aspectmaxmin3-radius3-imbalance2-rep1,AutoML4Clust,0.4835360951848213,0.8965041466367518,0.8759932352272157
72,dim11-clusters12-instances400-overlap1e-06-1e-05-aspectref3-aspectmaxmin3-radius3-imbalance2-rep1,Autocluster,0.1549894964339747,0.3567028440176925,2.0395185894241057
73,dim11-clusters12-instances400-overlap1e-06-1e-05-aspectref3-aspectmaxmin3-radius3-imbalance2-rep1,ML2DAC,0.4922284754555644,0.9134353146299174,0.8736831976680174
74,dim11-clusters12-instances400-overlap1e-06-1e-05-aspectref3-aspectmaxmin3-radius3-imbalance2-rep1,cSmartML,0.43900390896961705,0.8854704556767486,1.2175169009725466
75,dim11-clusters13-instances2500-overlap1e-06-1e-05-aspectref5-aspectmaxmin1-radius3-imbalance1-rep11,AutoML4Clust,0.3934150255486924,0.9783126576470388,1.13650292872722
76,dim11-clusters13-instances2500-overlap1e-06-1e-05-aspectref5-aspectmaxmin1-radius3-imbalance1-rep11,Autocluster,0.26066360834678726,0.7107891954258798,1.5343531987495376
77,dim11-clusters13-instances2500-overlap1e-06-1e-05-aspectref5-aspectmaxmin1-radius3-imbalance1-rep11,ML2DAC,0.4298613997646763,0.9627679259989953,1.0372824978553807
78,dim11-clusters13-instances2500-overlap1e-06-1e-05-aspectref5-aspectmaxmin1-radius3-imbalance1-rep11,cSmartML,0.4108529006592937,0.043550522852392526,0.6534467717853448
79,dim11-clusters13-instances3500-overlap1e-06-1e-05-aspectref5-aspectmaxmin1-radius1-imbalance1-rep11,AutoML4Clust,0.3426848099014432,0.9440823477602857,1.1497906539161449
80,dim11-clusters13-instances3500-overlap1e-06-1e-05-aspectref5-aspectmaxmin1-radius1-imbalance1-rep11,Autocluster,0.18127542561159402,0.5890191495017354,1.807213668003878
81,dim11-clusters13-instances3500-overlap1e-06-1e-05-aspectref5-aspectmaxmin1-radius1-imbalance1-rep11,ML2DAC,0.17317399085490182,0.6440761312322225,1.318556866506613
82,dim11-clusters13-instances3500-overlap1e-06-1e-05-aspectref5-aspectmaxmin1-radius1-imbalance1-rep11,cSmartML,0.18638585332637003,0.23259139534692835,1.877287453248303
83,dim18-clusters4-instances2000-overlap1e-06-1e-05-aspectref5-aspectmaxmin1-radius5-imbalance1-rep11,AutoML4Clust,0.307330386011329,0.5691812907114074,1.6819643625108973
84,dim18-clusters4-instances2000-overlap1e-06-1e-05-aspectref5-aspectmaxmin1-radius5-imbalance1-rep11,Autocluster,0.08816716490493008,0.19956648520527684,3.9587462373558977
85,dim18-clusters4-instances2000-overlap1e-06-1e-05-aspectref5-aspectmaxmin1-radius5-imbalance1-rep11,ML2DAC,0.37662055057798416,0.5795907854835778,2.057257651239837
86,dim18-clusters4-instances2000-overlap1e-06-1e-05-aspectref5-aspectmaxmin1-radius5-imbalance1-rep11,cSmartML,0.4163963999528228,0.8921377688184516,2.062083633298076
87,dim18-clusters4-instances2250-overlap1e-06-1e-05-aspectref1.5-aspectmaxmin5-radius1-imbalance1-rep11,AutoML4Clust,0.20303841131722908,0.7521464783125169,1.9291887695993957
88,dim18-clusters4-instances2250-overlap1e-06-1e-05-aspectref1.5-aspectmaxmin5-radius1-imbalance1-rep11,Autocluster,0.19522208567954738,0.65692196586741,2.346871601014194
89,dim18-clusters4-instances2250-overlap1e-06-1e-05-aspectref1.5-aspectmaxmin5-radius1-imbalance1-rep11,ML2DAC,0.28428978007291406,0.7446706375170088,1.2373165818506124
90,dim18-clusters4-instances2250-overlap1e-06-1e-05-aspectref1.5-aspectmaxmin5-radius1-imbalance1-rep11,cSmartML,0.13742542036133953,0.3526066724269688,0.8239351945059139
91,dim18-clusters4-instances2500-overlap1e-06-1e-05-aspectref1.5-aspectmaxmin1-radius5-imbalance1-rep11,AutoML4Clust,0.3351999295065956,0.7070863048254823,1.3669824771353851
92,dim18-clusters4-instances2500-overlap1e-06-1e-05-aspectref1.5-aspectmaxmin1-radius5-imbalance1-rep11,Autocluster,0.21316470886332092,0.6794251495786856,4.595399292528354
93,dim18-clusters4-instances2500-overlap1e-06-1e-05-aspectref1.5-aspectmaxmin1-radius5-imbalance1-rep11,ML2DAC,0.38175608255200827,0.32482734494573107,1.4546691601166628
94,dim18-clusters4-instances2500-overlap1e-06-1e-05-aspectref1.5-aspectmaxmin1-radius5-imbalance1-rep11,cSmartML,0.03762171236621084,0.0809955512683383,1.0291671319103988
95,dim18-clusters4-instances4000-overlap1e-06-1e-05-aspectref1.5-aspectmaxmin3-radius3-imbalance2-rep2,AutoML4Clust,0.2557506388130717,0.6841452054632912,1.4810325552172945
96,dim18-clusters4-instances4000-overlap1e-06-1e-05-aspectref1.5-aspectmaxmin3-radius3-imbalance2-rep2,Autocluster,0.3322507012369871,0.9563159508236367,1.6887254696010778
97,dim18-clusters4-instances4000-overlap1e-06-1e-05-aspectref1.5-aspectmaxmin3-radius3-imbalance2-rep2,ML2DAC,0.38333070014696025,0.9988842281391673,0.9836373573841788
98,dim18-clusters4-instances4000-overlap1e-06-1e-05-aspectref1.5-aspectmaxmin3-radius3-imbalance2-rep2,cSmartML,0.06079991340319708,0.3296973026886846,1.6050410805007682
99,dim18-clusters4-instances4500-overlap1e-06-1e-05-aspectref1.5-aspectmaxmin1-radius3-imbalance2-rep2,AutoML4Clust,0.1322153620009572,0.3584243417422794,1.8831835634361775
100,dim18-clusters4-instances4500-overlap1e-06-1e-05-aspectref1.5-aspectmaxmin1-radius3-imbalance2-rep2,Autocluster,0.3627922571314164,0.9298207374560141,1.452530894400549
101,dim18-clusters4-instances4500-overlap1e-06-1e-05-aspectref1.5-aspectmaxmin1-radius3-imbalance2-rep2,ML2DAC,0.023322475624294833,0.24250387266597845,2.4769190286101948
102,dim18-clusters4-instances500-overlap1e-06-1e-05-aspectref5-aspectmaxmin5-radius5-imbalance1-rep11,AutoML4Clust,0.35321840872381927,0.499645034390394,1.4032725832277189
103,dim18-clusters4-instances500-overlap1e-06-1e-05-aspectref5-aspectmaxmin5-radius5-imbalance1-rep11,Autocluster,0.1827307481844956,0.6234479947291328,3.557066232166857
104,dim18-clusters4-instances500-overlap1e-06-1e-05-aspectref5-aspectmaxmin5-radius5-imbalance1-rep11,ML2DAC,0.4050774486488294,0.8415656725728706,1.748375839556153
105,dim18-clusters4-instances500-overlap1e-06-1e-05-aspectref5-aspectmaxmin5-radius5-imbalance1-rep11,cSmartML,0.36496264744058193,0.5970212162146069,2.0335253017993375
106,dim18-clusters5-instances1500-overlap1e-06-1e-05-aspectref5-aspectmaxmin5-radius5-imbalance2-rep11,AutoML4Clust,0.24159401148902193,0.3730661606043217,2.4638507394118707
107,dim18-clusters5-instances1500-overlap1e-06-1e-05-aspectref5-aspectmaxmin5-radius5-imbalance2-rep11,Autocluster,0.0668174039577909,0.2839175549865168,3.037539192469757
108,dim18-clusters5-instances1500-overlap1e-06-1e-05-aspectref5-aspectmaxmin5-radius5-imbalance2-rep11,ML2DAC,0.2833489018754134,0.2881480599623453,2.599730596972911
109,dim18-clusters5-instances1500-overlap1e-06-1e-05-aspectref5-aspectmaxmin5-radius5-imbalance2-rep11,cSmartML,0.25969623602798314,0.07358014628309606,1.176672323783705
110,dim18-clusters5-instances200-overlap1e-06-1e-05-aspectref1.5-aspectmaxmin3-radius5-imbalance1-rep4,AutoML4Clust,0.40987640937526587,0.9180357065461244,1.1465101864343095
111,dim18-clusters5-instances200-overlap1e-06-1e-05-aspectref1.5-aspectmaxmin3-radius5-imbalance1-rep4,Autocluster,0.4322039746654863,0.9075485876530106,1.0941740198837924
112,dim18-clusters5-instances200-overlap1e-06-1e-05-aspectref1.5-aspectmaxmin3-radius5-imbalance1-rep4,ML2DAC,0.4521383561852181,0.896978283970464,1.6510738210033233
113,dim18-clusters5-instances200-overlap1e-06-1e-05-aspectref1.5-aspectmaxmin3-radius5-imbalance1-rep4,cSmartML,0.03718631053480198,0.2678919623548095,1.2114371842333103
114,dim18-clusters5-instances2500-overlap1e-06-1e-05-aspectref1.5-aspectmaxmin1-radius1-imbalance1-rep4,AutoML4Clust,0.30206596894174137,0.8473668786513405,1.7906194781265727
115,dim18-clusters5-instances2500-overlap1e-06-1e-05-aspectref1.5-aspectmaxmin1-radius1-imbalance1-rep4,Autocluster,0.34281034808657695,0.9480420857975926,1.9303709754342782
116,dim18-clusters5-instances2500-overlap1e-06-1e-05-aspectref1.5-aspectmaxmin1-radius1-imbalance1-rep4,ML2DAC,0.3753561606386781,0.8548906889643759,1.1173888145880446
117,dim18-clusters5-instances2500-overlap1e-06-1e-05-aspectref1.5-aspectmaxmin1-radius1-imbalance1-rep4,cSmartML,0.16383493245289715,0.385070123653277,2.3099596231410784
118,dim18-clusters5-instances550-overlap1e-06-1e-05-aspectref1.5-aspectmaxmin1-radius5-imbalance1-rep11,AutoML4Clust,0.3481764680645057,0.4627039783025142,1.4829212610379965
119,dim18-clusters5-instances550-overlap1e-06-1e-05-aspectref1.5-aspectmaxmin1-radius5-imbalance1-rep11,Autocluster,0.19154492422236338,0.5652597626698066,2.471065803495098
120,dim18-clusters5-instances550-overlap1e-06-1e-05-aspectref1.5-aspectmaxmin1-radius5-imbalance1-rep11,ML2DAC,0.26433267999826093,0.641335525141247,1.2328134402313646
121,dim18-clusters5-instances550-overlap1e-06-1e-05-aspectref1.5-aspectmaxmin1-radius5-imbalance1-rep11,cSmartML,0.14883687888233538,0.23785398026083748,0.7391427191960829
122,dim2-clusters14-instances1500-overlap1e-06-1e-05-aspectref1.5-aspectmaxmin1-radius3-imbalance2-rep11,AutoML4Clust,0.705593535696595,0.9450722034961029,0.3829756487720473
123,dim2-clusters14-instances1500-overlap1e-06-1e-05-aspectref1.5-aspectmaxmin1-radius3-imbalance2-rep11,Autocluster,0.3606649909107451,0.6452332443991213,1.064025800558179
124,dim2-clusters14-instances1500-overlap1e-06-1e-05-aspectref1.5-aspectmaxmin1-radius3-imbalance2-rep11,ML2DAC,0.7061442738912765,0.9494844722843929,3.480936475800492
125,dim2-clusters14-instances1500-overlap1e-06-1e-05-aspectref1.5-aspectmaxmin1-radius3-imbalance2-rep11,cSmartML,0.1741020123706992,0.4966963786407721,1.0773366063528567
126,dim2-clusters14-instances2500-overlap1e-06-1e-05-aspectref5-aspectmaxmin5-radius3-imbalance1-rep11,AutoML4Clust,0.6081736113830309,0.8018909034949134,0.5794630834996158
127,dim2-clusters14-instances2500-overlap1e-06-1e-05-aspectref5-aspectmaxmin5-radius3-imbalance1-rep11,Autocluster,0.3858864439868878,0.3695581897519394,0.75500885002594
128,dim2-clusters14-instances2500-overlap1e-06-1e-05-aspectref5-aspectmaxmin5-radius3-imbalance1-rep11,ML2DAC,0.4503454695748142,0.40999470461384696,0.6669272749517866
129,dim2-clusters14-instances2500-overlap1e-06-1e-05-aspectref5-aspectmaxmin5-radius3-imbalance1-rep11,cSmartML,0.39043890438275625,0.43913746725635755,0.8128070398681994
130,dim2-clusters14-instances3500-overlap1e-06-1e-05-aspectref1.5-aspectmaxmin3-radius1-imbalance2-rep1,AutoML4Clust,0.6655425977317756,0.9009643043828325,0.5726354536808752
131,dim2-clusters14-instances3500-overlap1e-06-1e-05-aspectref1.5-aspectmaxmin3-radius1-imbalance2-rep1,Autocluster,0.45201259412282246,0.47536754128352865,0.7230799070288567
132,dim2-clusters14-instances3500-overlap1e-06-1e-05-aspectref1.5-aspectmaxmin3-radius1-imbalance2-rep1,ML2DAC,0.7656694506116214,1.0,0.31174413825464076
133,dim2-clusters14-instances3500-overlap1e-06-1e-05-aspectref1.5-aspectmaxmin3-radius1-imbalance2-rep1,cSmartML,0.4197577316457785,0.4184968335292322,1.220735687360806
134,dim2-clusters14-instances4000-overlap1e-06-1e-05-aspectref1.5-aspectmaxmin1-radius5-imbalance2-rep11,AutoML4Clust,0.5895480816077291,0.849272909558575,0.5972815174243776
135,dim2-clusters14-instances4000-overlap1e-06-1e-05-aspectref1.5-aspectmaxmin1-radius5-imbalance2-rep11,Autocluster,0.4350123246157522,0.6449999565354013,0.9981360117499075
136,dim2-clusters14-instances4000-overlap1e-06-1e-05-aspectref1.5-aspectmaxmin1-radius5-imbalance2-rep11,ML2DAC,0.709756916475579,0.9734029628859114,0.3591727257219225
137,dim2-clusters14-instances4000-overlap1e-06-1e-05-aspectref1.5-aspectmaxmin1-radius5-imbalance2-rep11,cSmartML,0.15303291735086566,0.48591021320119576,1.0744115529141838
138,dim2-clusters15-instances200-overlap1e-06-1e-05-aspectref3-aspectmaxmin3-radius5-imbalance1-rep1,AutoML4Clust,0.740964528734645,0.9707988243650965,0.38180403315213757
139,dim2-clusters15-instances200-overlap1e-06-1e-05-aspectref3-aspectmaxmin3-radius5-imbalance1-rep1,Autocluster,0.5495206390310823,0.7297800078627593,0.6112885583258755
140,dim2-clusters15-instances200-overlap1e-06-1e-05-aspectref3-aspectmaxmin3-radius5-imbalance1-rep1,ML2DAC,0.7383488229045124,0.9768136771842787,0.4756954388925267
141,dim2-clusters15-instances200-overlap1e-06-1e-05-aspectref3-aspectmaxmin3-radius5-imbalance1-rep1,cSmartML,0.4665064275227339,0.5379832783327936,0.5579025021900457
142,dim2-clusters15-instances3500-overlap1e-06-1e-05-aspectref1.5-aspectmaxmin1-radius5-imbalance2-rep11,AutoML4Clust,0.6260522283943707,0.8906006816555951,0.5319381486612166
143,dim2-clusters15-instances3500-overlap1e-06-1e-05-aspectref1.5-aspectmaxmin1-radius5-imbalance2-rep11,Autocluster,0.26264933268370183,0.4796874992977157,1.149204284860228
144,dim2-clusters15-instances3500-overlap1e-06-1e-05-aspectref1.5-aspectmaxmin1-radius5-imbalance2-rep11,ML2DAC,0.6583315166829329,0.8834391658586024,0.45040789969337874
145,dim2-clusters15-instances3500-overlap1e-06-1e-05-aspectref1.5-aspectmaxmin1-radius5-imbalance2-rep11,cSmartML,0.597225543712449,0.8750121079994715,2.6550270983090947
146,dim2-clusters16-instances1750-overlap1e-06-1e-05-aspectref3-aspectmaxmin3-radius3-imbalance2-rep1,AutoML4Clust,0.5243064759832641,0.5682026923290137,0.5963267842966445
147,dim2-clusters16-instances1750-overlap1e-06-1e-05-aspectref3-aspectmaxmin3-radius3-imbalance2-rep1,Autocluster,0.4414982885333492,0.5442383833301512,0.6457604911599949
148,dim2-clusters16-instances1750-overlap1e-06-1e-05-aspectref3-aspectmaxmin3-radius3-imbalance2-rep1,ML2DAC,0.5315034130588105,0.5721321455779098,0.8819192872817965
149,dim2-clusters16-instances1750-overlap1e-06-1e-05-aspectref3-aspectmaxmin3-radius3-imbalance2-rep1,cSmartML,0.5118150635092626,0.5429906697542152,0.5488594136055024
150,dim2-clusters16-instances600-overlap1e-06-1e-05-aspectref5-aspectmaxmin1-radius3-imbalance2-rep11,AutoML4Clust,0.5569875595776729,0.6193033744797883,0.5107720124894549
151,dim2-clusters16-instances600-overlap1e-06-1e-05-aspectref5-aspectmaxmin1-radius3-imbalance2-rep11,Autocluster,0.537913323622202,0.7354217710510064,0.7729517063176912
152,dim2-clusters16-instances600-overlap1e-06-1e-05-aspectref5-aspectmaxmin1-radius3-imbalance2-rep11,ML2DAC,0.6461975537339621,0.8577375140932153,0.4958775751734631
153,dim2-clusters16-instances600-overlap1e-06-1e-05-aspectref5-aspectmaxmin1-radius3-imbalance2-rep11,cSmartML,0.014864595740092117,0.10406242635370654,1.3554114663354009
154,dim2-clusters3-instances2000-overlap1e-06-1e-05-aspectref5-aspectmaxmin1-radius1-imbalance1-rep11,AutoML4Clust,0.490084641690685,0.47740557280132306,0.6625510230046054
155,dim2-clusters3-instances2000-overlap1e-06-1e-05-aspectref5-aspectmaxmin1-radius1-imbalance1-rep11,Autocluster,0.40265367914023864,0.6680826582504305,0.678105140150159
156,dim2-clusters3-instances2000-overlap1e-06-1e-05-aspectref5-aspectmaxmin1-radius1-imbalance1-rep11,ML2DAC,0.5733075317327437,0.4785746272946,2.599240732774734
157,dim2-clusters3-instances2000-overlap1e-06-1e-05-aspectref5-aspectmaxmin1-radius1-imbalance1-rep11,cSmartML,0.4824771562920517,0.4230576794652111,3.7384861515369856
158,dim2-clusters3-instances4000-overlap1e-06-1e-05-aspectref5-aspectmaxmin5-radius5-imbalance1-rep11,AutoML4Clust,0.6409826958406177,0.7182417868134925,0.5724924869299687
159,dim2-clusters3-instances4000-overlap1e-06-1e-05-aspectref5-aspectmaxmin5-radius5-imbalance1-rep11,Autocluster,0.2529689186678882,0.4034572347056774,1.045554013789848
160,dim2-clusters3-instances4000-overlap1e-06-1e-05-aspectref5-aspectmaxmin5-radius5-imbalance1-rep11,ML2DAC,0.7284566089877544,8.264641261355723e-06,2.4076764090682827
161,dim2-clusters3-instances4000-overlap1e-06-1e-05-aspectref5-aspectmaxmin5-radius5-imbalance1-rep11,cSmartML,0.12387734417686604,0.7912799042731093,1.409788659216433
162,dim2-clusters4-instances2750-overlap1e-06-1e-05-aspectref5-aspectmaxmin1-radius5-imbalance2-rep11,AutoML4Clust,0.5112591156555721,0.5440297852249739,0.6643809302552629
163,dim2-clusters4-instances2750-overlap1e-06-1e-05-aspectref5-aspectmaxmin1-radius5-imbalance2-rep11,Autocluster,0.5148626551379675,0.6679023606596456,0.6741016265205658
164,dim2-clusters4-instances2750-overlap1e-06-1e-05-aspectref5-aspectmaxmin1-radius5-imbalance2-rep11,ML2DAC,0.6339509458153072,0.8374027252201898,0.5075012387580996
165,dim2-clusters4-instances2750-overlap1e-06-1e-05-aspectref5-aspectmaxmin1-radius5-imbalance2-rep11,cSmartML,0.5579324226713211,0.6347076122910038,0.6850967696212491
166,dim2-clusters4-instances3500-overlap1e-06-1e-05-aspectref5-aspectmaxmin5-radius1-imbalance1-rep11,AutoML4Clust,0.6380900524349539,0.8788479888216708,0.5019786632054501
167,dim2-clusters4-instances3500-overlap1e-06-1e-05-aspectref5-aspectmaxmin5-radius1-imbalance1-rep11,Autocluster,0.4495855297635417,0.6096804286176873,0.5614947140193217
168,dim2-clusters4-instances3500-overlap1e-06-1e-05-aspectref5-aspectmaxmin5-radius1-imbalance1-rep11,ML2DAC,0.5932708888427148,0.9214616170544164,2.8366491659549316
169,dim2-clusters4-instances550-overlap1e-06-1e-05-aspectref1.5-aspectmaxmin1-radius3-imbalance1-rep4,AutoML4Clust,0.48950684110149706,0.35636277443926784,0.4093786076912784
170,dim2-clusters4-instances550-overlap1e-06-1e-05-aspectref1.5-aspectmaxmin1-radius3-imbalance1-rep4,Autocluster,0.7308800256129996,0.9711928112905301,0.378091443904129
171,dim2-clusters4-instances550-overlap1e-06-1e-05-aspectref1.5-aspectmaxmin1-radius3-imbalance1-rep4,ML2DAC,0.5633457056900036,0.5182743997217661,0.3912100005616451
172,dim2-clusters4-instances550-overlap1e-06-1e-05-aspectref1.5-aspectmaxmin1-radius3-imbalance1-rep4,cSmartML,0.25420552334162566,0.01324704454239832,0.19513922169670123
173,dim2-clusters5-instances4500-overlap1e-06-1e-05-aspectref1.5-aspectmaxmin1-radius5-imbalance2-rep11,AutoML4Clust,0.6121211379254519,0.8319278329251434,0.5564220671287767
174,dim2-clusters5-instances4500-overlap1e-06-1e-05-aspectref1.5-aspectmaxmin1-radius5-imbalance2-rep11,Autocluster,0.14937027561230004,0.5525445040004893,7.605053472209809
175,dim2-clusters5-instances4500-overlap1e-06-1e-05-aspectref1.5-aspectmaxmin1-radius5-imbalance2-rep11,ML2DAC,0.6360468885812067,0.823637908854755,2.8820735727949853
176,dim2-clusters5-instances4500-overlap1e-06-1e-05-aspectref1.5-aspectmaxmin1-radius5-imbalance2-rep11,cSmartML,0.6710614068609599,0.830964254996295,0.46034720910063054
177,dim2-clusters6-instances1750-overlap1e-06-1e-05-aspectref1.5-aspectmaxmin1-radius5-imbalance2-rep11,AutoML4Clust,0.6068878495407743,0.857871384005096,0.5172784026623609
178,dim2-clusters6-instances1750-overlap1e-06-1e-05-aspectref1.5-aspectmaxmin1-radius5-imbalance2-rep11,Autocluster,0.7158593677484368,0.9592576648517408,0.34846595786860207
179,dim2-clusters6-instances1750-overlap1e-06-1e-05-aspectref1.5-aspectmaxmin1-radius5-imbalance2-rep11,ML2DAC,0.6505672550493216,0.8533547658667066,0.9123764166054485
180,dim2-clusters6-instances1750-overlap1e-06-1e-05-aspectref1.5-aspectmaxmin1-radius5-imbalance2-rep11,cSmartML,0.5945526427922234,0.7703562671815292,0.6534552339354123
181,dim2-clusters6-instances3000-overlap1e-06-1e-05-aspectref5-aspectmaxmin5-radius1-imbalance2-rep11,AutoML4Clust,0.5259597763336786,0.6563215233261344,0.6097848976105846
182,dim2-clusters6-instances3000-overlap1e-06-1e-05-aspectref5-aspectmaxmin5-radius1-imbalance2-rep11,Autocluster,0.4123460013533068,0.4776811691964943,0.7461572333107014
183,dim2-clusters6-instances3000-overlap1e-06-1e-05-aspectref5-aspectmaxmin5-radius1-imbalance2-rep11,ML2DAC,0.6375819063534105,0.9491587310325161,1.8676857622682959
184,dim2-clusters6-instances3000-overlap1e-06-1e-05-aspectref5-aspectmaxmin5-radius1-imbalance2-rep11,cSmartML,0.5210107765749619,0.7573524166831906,0.7034050658684284
185,dim3-clusters3-instances1750-overlap1e-06-1e-05-aspectref1.5-aspectmaxmin5-radius3-imbalance2-rep11,AutoML4Clust,0.488877869330348,0.6420638958429049,0.6267965086891293
186,dim3-clusters3-instances1750-overlap1e-06-1e-05-aspectref1.5-aspectmaxmin5-radius3-imbalance2-rep11,Autocluster,0.31124408421566796,0.572275017785216,1.3040265964658606
187,dim3-clusters3-instances1750-overlap1e-06-1e-05-aspectref1.5-aspectmaxmin5-radius3-imbalance2-rep11,ML2DAC,0.614463619041991,0.9393971466014855,0.461130951017491
188,dim3-clusters3-instances1750-overlap1e-06-1e-05-aspectref1.5-aspectmaxmin5-radius3-imbalance2-rep11,cSmartML,0.43934906228032655,0.49601716449219097,0.5821466659143524
189,dim3-clusters3-instances1750-overlap1e-06-1e-05-aspectref3-aspectmaxmin1-radius5-imbalance1-rep1,AutoML4Clust,0.5460133218901982,0.7383160862620951,0.7494838824897463
190,dim3-clusters3-instances1750-overlap1e-06-1e-05-aspectref3-aspectmaxmin1-radius5-imbalance1-rep1,Autocluster,0.03340853462130557,0.08915898395077182,2.5195381032080673
191,dim3-clusters3-instances1750-overlap1e-06-1e-05-aspectref3-aspectmaxmin1-radius5-imbalance1-rep1,ML2DAC,0.6401001234437513,0.8597493727071286,0.777594876120349
192,dim3-clusters3-instances1750-overlap1e-06-1e-05-aspectref3-aspectmaxmin1-radius5-imbalance1-rep1,cSmartML,0.22276313769605927,0.5714446613332037,1.7579810198104293
193,dim3-clusters3-instances200-overlap1e-06-1e-05-aspectref3-aspectmaxmin1-radius5-imbalance1-rep4,AutoML4Clust,0.43951993399881645,0.6667346799972794,0.3608574610647069
194,dim3-clusters3-instances200-overlap1e-06-1e-05-aspectref3-aspectmaxmin1-radius5-imbalance1-rep4,Autocluster,0.5657990320858506,0.8731650594735516,0.9213293815375874
195,dim3-clusters3-instances200-overlap1e-06-1e-05-aspectref3-aspectmaxmin1-radius5-imbalance1-rep4,ML2DAC,0.667945961169374,0.9681978337775164,0.6013137925184163
196,dim3-clusters3-instances200-overlap1e-06-1e-05-aspectref3-aspectmaxmin1-radius5-imbalance1-rep4,cSmartML,0.5575260408480567,0.8762086554642199,1.204303072657455
197,dim3-clusters3-instances2000-overlap1e-06-1e-05-aspectref1.5-aspectmaxmin5-radius3-imbalance1-rep11,AutoML4Clust,0.6023604911869115,0.8411476987537627,0.7112058289367975
198,dim3-clusters3-instances2000-overlap1e-06-1e-05-aspectref1.5-aspectmaxmin5-radius3-imbalance1-rep11,Autocluster,0.7048871038785256,0.9910180225292364,0.47550644014097304
199,dim3-clusters3-instances2000-overlap1e-06-1e-05-aspectref1.5-aspectmaxmin5-radius3-imbalance1-rep11,ML2DAC,0.7074627011610884,0.9791055496957255,0.46983098981737687
200,dim3-clusters3-instances2000-overlap1e-06-1e-05-aspectref1.5-aspectmaxmin5-radius3-imbalance1-rep11,cSmartML,0.444808619556536,0.5148595247601375,0.6024596980092874
201,dim3-clusters3-instances300-overlap1e-06-1e-05-aspectref5-aspectmaxmin5-radius5-imbalance1-rep11,AutoML4Clust,0.5997499610472952,0.8073980879390431,0.6984138245176181
202,dim3-clusters3-instances300-overlap1e-06-1e-05-aspectref5-aspectmaxmin5-radius5-imbalance1-rep11,Autocluster,0.26922619634665396,0.6395799750246112,1.0422028356308246
203,dim3-clusters3-instances300-overlap1e-06-1e-05-aspectref5-aspectmaxmin5-radius5-imbalance1-rep11,ML2DAC,0.5595093531331976,0.8303052280895296,3.4372596077706845
204,dim3-clusters3-instances300-overlap1e-06-1e-05-aspectref5-aspectmaxmin5-radius5-imbalance1-rep11,cSmartML,0.3899936456041275,0.47545449341535934,0.8933847973432003
205,dim3-clusters3-instances3000-overlap1e-06-1e-05-aspectref5-aspectmaxmin1-radius3-imbalance2-rep11,AutoML4Clust,0.6239666089152015,1.0,0.5700909387998844
206,dim3-clusters3-instances3000-overlap1e-06-1e-05-aspectref5-aspectmaxmin1-radius3-imbalance2-rep11,Autocluster,0.459858373057938,0.6773293449402602,0.9693862863429712
207,dim3-clusters3-instances3000-overlap1e-06-1e-05-aspectref5-aspectmaxmin1-radius3-imbalance2-rep11,ML2DAC,0.6027433925073272,0.8434582866901689,1.4924175971707812
208,dim3-clusters3-instances3000-overlap1e-06-1e-05-aspectref5-aspectmaxmin1-radius3-imbalance2-rep11,cSmartML,0.3836290971033914,0.4813109960025218,0.8371259196756315
209,dim3-clusters4-instances300-overlap1e-06-1e-05-aspectref3-aspectmaxmin3-radius5-imbalance1-rep2,AutoML4Clust,0.6178685781531517,0.933418309969098,0.6053591354192119
210,dim3-clusters4-instances300-overlap1e-06-1e-05-aspectref3-aspectmaxmin3-radius5-imbalance1-rep2,Autocluster,0.5661004111824068,0.6312175978047073,0.6932271438855484
211,dim3-clusters4-instances300-overlap1e-06-1e-05-aspectref3-aspectmaxmin3-radius5-imbalance1-rep2,ML2DAC,0.1690128516595163,0.031230470271149374,0.4312030425509013
212,dim3-clusters4-instances300-overlap1e-06-1e-05-aspectref3-aspectmaxmin3-radius5-imbalance1-rep2,cSmartML,0.2968802498559813,0.5612865601347788,2.0564723584068045
213,dim3-clusters4-instances350-overlap1e-06-1e-05-aspectref5-aspectmaxmin1-radius3-imbalance1-rep11,AutoML4Clust,0.5926380248222293,0.723338825795302,0.6119714289923183
214,dim3-clusters4-instances350-overlap1e-06-1e-05-aspectref5-aspectmaxmin1-radius3-imbalance1-rep11,Autocluster,0.4038979855053464,0.8157283682121526,1.6605904881969251
215,dim3-clusters4-instances350-overlap1e-06-1e-05-aspectref5-aspectmaxmin1-radius3-imbalance1-rep11,ML2DAC,0.4644449381802758,0.6261463778826216,1.8076314308148442
216,dim3-clusters4-instances350-overlap1e-06-1e-05-aspectref5-aspectmaxmin1-radius3-imbalance1-rep11,cSmartML,0.6356498226605627,1.0,0.5126329880972404
217,dim5-clusters2-instances2750-overlap1e-06-1e-05-aspectref5-aspectmaxmin5-radius3-imbalance1-rep11,AutoML4Clust,0.48424529982659653,0.7189191354379109,1.0123955629067523
218,dim5-clusters2-instances2750-overlap1e-06-1e-05-aspectref5-aspectmaxmin5-radius3-imbalance1-rep11,Autocluster,0.3043849768512992,0.808478039768262,1.267464403440717
219,dim5-clusters2-instances2750-overlap1e-06-1e-05-aspectref5-aspectmaxmin5-radius3-imbalance1-rep11,ML2DAC,0.48186100541572063,0.692890432531187,1.0649114682658527
220,dim5-clusters2-instances2750-overlap1e-06-1e-05-aspectref5-aspectmaxmin5-radius3-imbalance1-rep11,cSmartML,0.09586334556841715,0.11350055590786069,1.2605594555344841
221,dim5-clusters2-instances3000-overlap1e-06-1e-05-aspectref3-aspectmaxmin1-radius3-imbalance2-rep1,AutoML4Clust,0.41624966201492636,0.7610808734902846,1.00286590330001
222,dim5-clusters2-instances3000-overlap1e-06-1e-05-aspectref3-aspectmaxmin1-radius3-imbalance2-rep1,Autocluster,-0.058206476453243484,0.08314446192207323,7.933256712024358
223,dim5-clusters2-instances3000-overlap1e-06-1e-05-aspectref3-aspectmaxmin1-radius3-imbalance2-rep1,ML2DAC,0.4243304791810784,0.8505866170667237,6.187992776960862
224,dim5-clusters2-instances3000-overlap1e-06-1e-05-aspectref3-aspectmaxmin1-radius3-imbalance2-rep1,cSmartML,0.3295696566199332,0.38568875339224234,1.5986889709067758
225,dim5-clusters2-instances3000-overlap1e-06-1e-05-aspectref5-aspectmaxmin5-radius3-imbalance2-rep11,AutoML4Clust,0.3757614283397312,0.33010238207630066,1.1360113357744062
226,dim5-clusters2-instances3000-overlap1e-06-1e-05-aspectref5-aspectmaxmin5-radius3-imbalance2-rep11,Autocluster,-0.006725015468529799,0.5054174536488164,2.1419381299943625
227,dim5-clusters2-instances3000-overlap1e-06-1e-05-aspectref5-aspectmaxmin5-radius3-imbalance2-rep11,ML2DAC,0.4588947922262725,-0.035456930293339975,9.151789421081988
228,dim5-clusters2-instances3000-overlap1e-06-1e-05-aspectref5-aspectmaxmin5-radius3-imbalance2-rep11,cSmartML,-0.5985299685183755,-0.05870756123420769,1.4339229494466375
229,dim5-clusters2-instances4000-overlap1e-06-1e-05-aspectref1.5-aspectmaxmin1-radius3-imbalance1-rep11,AutoML4Clust,0.41499784292308783,0.6398838764682062,0.8322838616132083
230,dim5-clusters2-instances4000-overlap1e-06-1e-05-aspectref1.5-aspectmaxmin1-radius3-imbalance1-rep11,Autocluster,0.6174122025163342,0.9845787687729295,0.5699566643515437
231,dim5-clusters2-instances4000-overlap1e-06-1e-05-aspectref1.5-aspectmaxmin1-radius3-imbalance1-rep11,ML2DAC,0.6189553507635287,0.9525641449032147,0.5727881041749404
232,dim5-clusters2-instances4000-overlap1e-06-1e-05-aspectref1.5-aspectmaxmin1-radius3-imbalance1-rep11,cSmartML,0.37736163299076,0.5086455612964504,0.6932977218668083
233,dim5-clusters2-instances4500-overlap1e-06-1e-05-aspectref1.5-aspectmaxmin5-radius5-imbalance1-rep11,AutoML4Clust,0.2681969650865574,0.2510805396779337,1.170114413596655
234,dim5-clusters2-instances4500-overlap1e-06-1e-05-aspectref1.5-aspectmaxmin5-radius5-imbalance1-rep11,Autocluster,0.5962814467789862,1.0,0.6426751884726227
235,dim5-clusters2-instances4500-overlap1e-06-1e-05-aspectref1.5-aspectmaxmin5-radius5-imbalance1-rep11,ML2DAC,0.5643158211732138,0.8609480880048473,0.9035401008930378
236,dim5-clusters2-instances4500-overlap1e-06-1e-05-aspectref1.5-aspectmaxmin5-radius5-imbalance1-rep11,cSmartML,0.35619352585750647,0.8606428489852487,2.2165312390462466
237,dim5-clusters3-instances1500-overlap1e-06-1e-05-aspectref1.5-aspectmaxmin1-radius1-imbalance2-rep3,AutoML4Clust,0.4276224070159012,0.6739073659869229,0.8540558184145958
238,dim5-clusters3-instances1500-overlap1e-06-1e-05-aspectref1.5-aspectmaxmin1-radius1-imbalance2-rep3,Autocluster,0.11694979054477843,0.3211116143240147,2.460957897663921
239,dim5-clusters3-instances1500-overlap1e-06-1e-05-aspectref1.5-aspectmaxmin1-radius1-imbalance2-rep3,ML2DAC,0.5628212734520781,0.9008996885689573,1.202314423597125
240,dim5-clusters3-instances1500-overlap1e-06-1e-05-aspectref1.5-aspectmaxmin1-radius1-imbalance2-rep3,cSmartML,0.26130675114847324,0.4614905776845146,0.8822349240501298
241,dim5-clusters3-instances200-overlap1e-06-1e-05-aspectref5-aspectmaxmin1-radius3-imbalance1-rep11,AutoML4Clust,0.5306714784808527,0.8557109097979106,0.9714078857967822
242,dim5-clusters3-instances200-overlap1e-06-1e-05-aspectref5-aspectmaxmin1-radius3-imbalance1-rep11,Autocluster,0.39915942247053154,0.8555999800920282,1.479802677786413
243,dim5-clusters3-instances200-overlap1e-06-1e-05-aspectref5-aspectmaxmin1-radius3-imbalance1-rep11,ML2DAC,0.5363488958372481,0.8597105456609996,0.9762380909384575
244,dim5-clusters3-instances200-overlap1e-06-1e-05-aspectref5-aspectmaxmin1-radius3-imbalance1-rep11,cSmartML,0.25400753860615227,0.5001020199959192,0.49821711040876826
245,dim5-clusters3-instances350-overlap1e-06-1e-05-aspectref1.5-aspectmaxmin5-radius3-imbalance1-rep11,AutoML4Clust,0.6004332861675268,0.9885965335702123,0.5739858627112967
246,dim5-clusters3-instances350-overlap1e-06-1e-05-aspectref1.5-aspectmaxmin5-radius3-imbalance1-rep11,Autocluster,0.5388887964356419,0.9441022445857059,0.9500224202370846
247,dim5-clusters3-instances350-overlap1e-06-1e-05-aspectref1.5-aspectmaxmin5-radius3-imbalance1-rep11,ML2DAC,0.5149868189862503,0.9091023109558471,5.285053817293531
248,dim5-clusters3-instances350-overlap1e-06-1e-05-aspectref1.5-aspectmaxmin5-radius3-imbalance1-rep11,cSmartML,0.2739879577554522,0.5540034309581741,0.9210273191286807
249,dim5-clusters3-instances4000-overlap1e-06-1e-05-aspectref1.5-aspectmaxmin1-radius3-imbalance2-rep4,AutoML4Clust,0.41459733889362155,0.7350953276837506,0.9672326075267291
250,dim5-clusters3-instances4000-overlap1e-06-1e-05-aspectref1.5-aspectmaxmin1-radius3-imbalance2-rep4,Autocluster,0.21892535518383316,0.45471337044643867,2.3456590572797156
251,dim5-clusters3-instances4000-overlap1e-06-1e-05-aspectref1.5-aspectmaxmin1-radius3-imbalance2-rep4,ML2DAC,0.6109377470803107,0.9938423558024101,0.5066398710600478
252,dim5-clusters3-instances4000-overlap1e-06-1e-05-aspectref1.5-aspectmaxmin1-radius3-imbalance2-rep4,cSmartML,0.3729738751027283,0.5468447885429354,0.9947146086988461
253,dim50-clusters21-instances500-overlap1e-06-1e-05-aspectref3-aspectmaxmin1-radius3-imbalance2-rep3,AutoML4Clust,0.2067701551760971,0.3352429177363769,1.705612074753498
254,dim50-clusters21-instances500-overlap1e-06-1e-05-aspectref3-aspectmaxmin1-radius3-imbalance2-rep3,Autocluster,0.08051581089184667,0.4739212289496787,2.669501629962846
255,dim50-clusters21-instances500-overlap1e-06-1e-05-aspectref3-aspectmaxmin1-radius3-imbalance2-rep3,ML2DAC,0.16642112327175007,0.9366693535332882,1.8778777092269683
256,dim50-clusters21-instances500-overlap1e-06-1e-05-aspectref3-aspectmaxmin1-radius3-imbalance2-rep3,cSmartML,0.32642550965932876,0.020507867128195557,1.2271291763923768
257,dim51-clusters15-instances2000-overlap1e-06-1e-05-aspectref1.5-aspectmaxmin3-radius3-imbalance2-rep2,AutoML4Clust,0.25614363430237647,0.0876272591385416,1.6783390359339183
258,dim51-clusters15-instances2000-overlap1e-06-1e-05-aspectref1.5-aspectmaxmin3-radius3-imbalance2-rep2,Autocluster,0.1569293566382584,0.6829670707650748,2.311824810338075
259,dim51-clusters15-instances2000-overlap1e-06-1e-05-aspectref1.5-aspectmaxmin3-radius3-imbalance2-rep2,ML2DAC,0.2821313022458913,0.3844591644911362,1.6662895221179645
260,dim51-clusters15-instances2000-overlap1e-06-1e-05-aspectref1.5-aspectmaxmin3-radius3-imbalance2-rep2,cSmartML,0.04442775342296815,0.28948438332098814,2.037264456103375
261,dim51-clusters18-instances200-overlap1e-06-1e-05-aspectref3-aspectmaxmin3-radius5-imbalance1-rep3,AutoML4Clust,0.2558753420993336,0.26538691351885096,1.3622878454476117
262,dim51-clusters18-instances200-overlap1e-06-1e-05-aspectref3-aspectmaxmin3-radius5-imbalance1-rep3,Autocluster,0.16601156386690535,0.24506214970678383,1.9414446056285457
263,dim51-clusters18-instances200-overlap1e-06-1e-05-aspectref3-aspectmaxmin3-radius5-imbalance1-rep3,ML2DAC,0.3491847472629314,0.030646206347744332,1.3005304727728546
264,dim51-clusters18-instances200-overlap1e-06-1e-05-aspectref3-aspectmaxmin3-radius5-imbalance1-rep3,cSmartML,0.2298678698488481,0.021933874629092243,0.9675478912561521
265,dim51-clusters20-instances400-overlap1e-06-1e-05-aspectref1.5-aspectmaxmin1-radius1-imbalance2-rep4,AutoML4Clust,0.25162489911468877,0.3502781665926355,1.365795500770255
266,dim51-clusters20-instances400-overlap1e-06-1e-05-aspectref1.5-aspectmaxmin1-radius1-imbalance2-rep4,Autocluster,0.1802611071314305,0.5535990749104865,1.9027659241333792
267,dim51-clusters20-instances400-overlap1e-06-1e-05-aspectref1.5-aspectmaxmin1-radius1-imbalance2-rep4,ML2DAC,0.38381080354145736,0.03693382542265087,0.9263184397654597
268,dim51-clusters20-instances400-overlap1e-06-1e-05-aspectref1.5-aspectmaxmin1-radius1-imbalance2-rep4,cSmartML,0.07180885094254835,0.3230864898520439,2.2219804186932883
269,dim52-clusters19-instances450-overlap1e-06-1e-05-aspectref1.5-aspectmaxmin1-radius5-imbalance2-rep3,AutoML4Clust,0.31254314772651076,0.043412648112586515,1.853067374236965
270,dim52-clusters19-instances450-overlap1e-06-1e-05-aspectref1.5-aspectmaxmin1-radius5-imbalance2-rep3,Autocluster,0.06610939380198841,0.4039509406587398,2.7709521698096213
271,dim52-clusters19-instances450-overlap1e-06-1e-05-aspectref1.5-aspectmaxmin1-radius5-imbalance2-rep3,ML2DAC,0.3473244204718469,0.04513148776051833,1.4461683679911514
272,dim52-clusters19-instances450-overlap1e-06-1e-05-aspectref1.5-aspectmaxmin1-radius5-imbalance2-rep3,cSmartML,-0.003285711920289916,0.5790554715732502,1.737157833898553
273,dim52-clusters2-instances200-overlap1e-06-1e-05-aspectref3-aspectmaxmin3-radius5-imbalance1-rep2,AutoML4Clust,0.10937846801622857,0.1940238306375124,0.6790907678525597
274,dim52-clusters2-instances200-overlap1e-06-1e-05-aspectref3-aspectmaxmin3-radius5-imbalance1-rep2,Autocluster,0.018428494184001793,0.3122800079260714,4.112551535274693
275,dim52-clusters2-instances200-overlap1e-06-1e-05-aspectref3-aspectmaxmin3-radius5-imbalance1-rep2,ML2DAC,0.38006925383908025,0.5050914182512121,0.8117791859319621
276,dim52-clusters2-instances200-overlap1e-06-1e-05-aspectref3-aspectmaxmin3-radius5-imbalance1-rep2,cSmartML,0.33080523243331433,0.5902233261774685,2.487361474717101
277,dim52-clusters20-instances2250-overlap1e-06-1e-05-aspectref1.5-aspectmaxmin3-radius1-imbalance1-rep4,AutoML4Clust,0.20133399433707164,0.06948660900276989,1.5939776486508366
278,dim52-clusters20-instances2250-overlap1e-06-1e-05-aspectref1.5-aspectmaxmin3-radius1-imbalance1-rep4,Autocluster,0.14027072451513023,0.6140791726231839,2.3672525573113283
279,dim52-clusters20-instances2250-overlap1e-06-1e-05-aspectref1.5-aspectmaxmin3-radius1-imbalance1-rep4,ML2DAC,0.2619119054491572,0.5113272509262421,1.3666558104517468
280,dim52-clusters20-instances2250-overlap1e-06-1e-05-aspectref1.5-aspectmaxmin3-radius1-imbalance1-rep4,cSmartML,0.1413994585311985,0.06865360398167278,1.732677059192051
281,dim52-clusters20-instances450-overlap1e-06-1e-05-aspectref1.5-aspectmaxmin3-radius5-imbalance2-rep4,AutoML4Clust,0.24809183608817323,0.27495031559463856,1.8209580841826731
282,dim52-clusters20-instances450-overlap1e-06-1e-05-aspectref1.5-aspectmaxmin3-radius5-imbalance2-rep4,Autocluster,0.11581194064308843,0.6132978841940071,2.5867250750361186
283,dim52-clusters20-instances450-overlap1e-06-1e-05-aspectref1.5-aspectmaxmin3-radius5-imbalance2-rep4,ML2DAC,0.20127636148871944,0.9328487176556717,1.7194595154090269
284,dim52-clusters7-instances300-overlap1e-06-1e-05-aspectref3-aspectmaxmin1-radius5-imbalance2-rep3,AutoML4Clust,0.1872336516349077,0.5944414259499994,2.315835183952175
285,dim52-clusters7-instances300-overlap1e-06-1e-05-aspectref3-aspectmaxmin1-radius5-imbalance2-rep3,Autocluster,0.10640461490858447,0.7919915107761997,2.947046968964716
286,dim52-clusters7-instances300-overlap1e-06-1e-05-aspectref3-aspectmaxmin1-radius5-imbalance2-rep3,ML2DAC,0.1859196556418762,0.5933487781298395,2.1119151914744325
287,dim53-clusters11-instances1500-overlap1e-06-1e-05-aspectref3-aspectmaxmin1-radius5-imbalance1-rep2,AutoML4Clust,0.22100040848335967,0.2923870662594436,2.4844353478760035
288,dim53-clusters11-instances1500-overlap1e-06-1e-05-aspectref3-aspectmaxmin1-radius5-imbalance1-rep2,Autocluster,0.1401237159826165,0.8507632215415754,2.5562863181643984
289,dim53-clusters11-instances1500-overlap1e-06-1e-05-aspectref3-aspectmaxmin1-radius5-imbalance1-rep2,ML2DAC,0.24323950653502022,0.5106872832149414,1.7790791447869938
290,dim53-clusters11-instances1500-overlap1e-06-1e-05-aspectref3-aspectmaxmin1-radius5-imbalance1-rep2,cSmartML,0.15766863796252722,0.08417774837815052,1.722844429767207
291,dim53-clusters13-instances4500-overlap1e-06-1e-05-aspectref3-aspectmaxmin3-radius1-imbalance2-rep2,AutoML4Clust,0.1654991356177504,0.5853652874334282,2.7985159327892846
292,dim53-clusters13-instances4500-overlap1e-06-1e-05-aspectref3-aspectmaxmin3-radius1-imbalance2-rep2,Autocluster,0.08740097571514965,0.627975702699521,4.3668898224315775
293,dim53-clusters13-instances4500-overlap1e-06-1e-05-aspectref3-aspectmaxmin3-radius1-imbalance2-rep2,ML2DAC,0.26730355678164514,0.4924800746367257,1.4540094300082882
294,dim53-clusters13-instances4500-overlap1e-06-1e-05-aspectref3-aspectmaxmin3-radius1-imbalance2-rep2,cSmartML,0.24297512967748983,0.26983429489250693,1.663505541808105
295,dim53-clusters15-instances2000-overlap1e-06-1e-05-aspectref1.5-aspectmaxmin1-radius3-imbalance1-rep3,AutoML4Clust,0.1728809295875325,0.7855726182772358,2.325701375917058
296,dim53-clusters15-instances2000-overlap1e-06-1e-05-aspectref1.5-aspectmaxmin1-radius3-imbalance1-rep3,Autocluster,0.13544619576095668,0.7956097022127537,2.0680910394170704
297,dim53-clusters15-instances2000-overlap1e-06-1e-05-aspectref1.5-aspectmaxmin1-radius3-imbalance1-rep3,ML2DAC,0.21927236392073857,0.36993699538806984,2.117560823944888
298,dim53-clusters15-instances2000-overlap1e-06-1e-05-aspectref1.5-aspectmaxmin1-radius3-imbalance1-rep3,cSmartML,0.22522269826968352,0.09953253891193643,1.9037173725782592
299,dim53-clusters19-instances4500-overlap1e-06-1e-05-aspectref3-aspectmaxmin3-radius5-imbalance1-rep2,AutoML4Clust,0.22135505550036813,0.5444256306576394,2.524328513643901
300,dim53-clusters19-instances4500-overlap1e-06-1e-05-aspectref3-aspectmaxmin3-radius5-imbalance1-rep2,Autocluster,0.1011030001513728,0.5286834072434262,3.14830035003568
301,dim53-clusters19-instances4500-overlap1e-06-1e-05-aspectref3-aspectmaxmin3-radius5-imbalance1-rep2,ML2DAC,0.4590193646027852,0.025086637459769467,1.0235992918333796
302,dim53-clusters19-instances4500-overlap1e-06-1e-05-aspectref3-aspectmaxmin3-radius5-imbalance1-rep2,cSmartML,0.37603355355395135,0.04141883097711816,1.238259730509536
303,dim53-clusters20-instances350-overlap1e-06-1e-05-aspectref1.5-aspectmaxmin1-radius3-imbalance2-rep1,AutoML4Clust,0.21739568922595476,0.43789036722367,1.7527251252366158
304,dim53-clusters20-instances350-overlap1e-06-1e-05-aspectref1.5-aspectmaxmin1-radius3-imbalance2-rep1,Autocluster,0.0948073915803328,0.40874187802331774,2.393264519996307
305,dim53-clusters20-instances350-overlap1e-06-1e-05-aspectref1.5-aspectmaxmin1-radius3-imbalance2-rep1,ML2DAC,0.21898940564313304,0.9710207411897982,1.6606548846872775
306,dim53-clusters20-instances350-overlap1e-06-1e-05-aspectref1.5-aspectmaxmin1-radius3-imbalance2-rep1,cSmartML,0.17210613977363148,0.026815350325636724,1.3723690814354867
307,dim53-clusters4-instances3000-overlap1e-06-1e-05-aspectref1.5-aspectmaxmin1-radius5-imbalance1-rep3,AutoML4Clust,0.18361483403370094,0.37707608482763394,3.2415099757098917
308,dim53-clusters4-instances3000-overlap1e-06-1e-05-aspectref1.5-aspectmaxmin1-radius5-imbalance1-rep3,Autocluster,0.12387624274830814,0.6138261830090693,5.266473270553909
309,dim53-clusters4-instances3000-overlap1e-06-1e-05-aspectref1.5-aspectmaxmin1-radius5-imbalance1-rep3,ML2DAC,0.32508771667788355,0.8298689100829105,4.081880315492279
310,dim54-clusters11-instances1750-overlap1e-06-1e-05-aspectref1.5-aspectmaxmin3-radius1-imbalance1-rep3,AutoML4Clust,0.23041522386965432,0.5137550234417698,1.569298619984037
311,dim54-clusters11-instances1750-overlap1e-06-1e-05-aspectref1.5-aspectmaxmin3-radius1-imbalance1-rep3,Autocluster,0.22294808957486867,0.8009010872856982,1.7254226585056864
312,dim54-clusters11-instances1750-overlap1e-06-1e-05-aspectref1.5-aspectmaxmin3-radius1-imbalance1-rep3,ML2DAC,0.26109166847758797,0.32970931931467173,1.4229781781708553
313,dim54-clusters11-instances1750-overlap1e-06-1e-05-aspectref1.5-aspectmaxmin3-radius1-imbalance1-rep3,cSmartML,0.22168929479562569,0.2553729093903385,1.7314897939592935
314,dim54-clusters13-instances1750-overlap1e-06-1e-05-aspectref1.5-aspectmaxmin3-radius1-imbalance1-rep1,AutoML4Clust,0.26701270738635946,0.056574521085464215,1.321046754363307
315,dim54-clusters13-instances1750-overlap1e-06-1e-05-aspectref1.5-aspectmaxmin3-radius1-imbalance1-rep1,Autocluster,0.03888017660211335,0.6277043630158315,4.713751352429904
316,dim54-clusters13-instances1750-overlap1e-06-1e-05-aspectref1.5-aspectmaxmin3-radius1-imbalance1-rep1,ML2DAC,0.30450122023781034,0.056574521085464215,1.199103663903694
317,dim54-clusters13-instances1750-overlap1e-06-1e-05-aspectref1.5-aspectmaxmin3-radius1-imbalance1-rep1,cSmartML,0.25134124055313994,0.09582609736106862,1.2645670211350957
318,dim54-clusters18-instances2250-overlap1e-06-1e-05-aspectref3-aspectmaxmin1-radius5-imbalance1-rep4,AutoML4Clust,0.35267457702528243,0.022852170597363015,1.3284761639407539
319,dim54-clusters18-instances2250-overlap1e-06-1e-05-aspectref3-aspectmaxmin1-radius5-imbalance1-rep4,Autocluster,0.02229432117251775,0.4422639218708534,4.4484198299683655
320,dim54-clusters18-instances2250-overlap1e-06-1e-05-aspectref3-aspectmaxmin1-radius5-imbalance1-rep4,ML2DAC,0.1918667578061833,0.9067939831123847,2.769334681531049
321,dim54-clusters18-instances2250-overlap1e-06-1e-05-aspectref3-aspectmaxmin1-radius5-imbalance1-rep4,cSmartML,0.07875959757692196,0.3839668531775902,1.6763612319225865
322,dim54-clusters18-instances3000-overlap1e-06-1e-05-aspectref3-aspectmaxmin3-radius3-imbalance2-rep3,AutoML4Clust,0.25380846920311356,0.3116246915719319,2.059269580881391
323,dim54-clusters18-instances3000-overlap1e-06-1e-05-aspectref3-aspectmaxmin3-radius3-imbalance2-rep3,Autocluster,0.08591644338859208,0.5302955784398314,2.5789447746220544
324,dim54-clusters18-instances3000-overlap1e-06-1e-05-aspectref3-aspectmaxmin3-radius3-imbalance2-rep3,ML2DAC,0.32730408145874157,0.05221492253921639,1.636341893579255
325,dim54-clusters18-instances3000-overlap1e-06-1e-05-aspectref3-aspectmaxmin3-radius3-imbalance2-rep3,cSmartML,0.23453998782334895,0.4605872433115183,1.8315555286068037
326,dim54-clusters18-instances3000-overlap1e-06-1e-05-aspectref3-aspectmaxmin3-radius5-imbalance1-rep4,AutoML4Clust,0.28603629515788115,0.2895950169400787,1.7870388247542681
327,dim54-clusters18-instances3000-overlap1e-06-1e-05-aspectref3-aspectmaxmin3-radius5-imbalance1-rep4,Autocluster,0.12302149252362975,0.32453634222964767,2.791200568518814
328,dim54-clusters18-instances3000-overlap1e-06-1e-05-aspectref3-aspectmaxmin3-radius5-imbalance1-rep4,ML2DAC,0.17184938921713833,0.7197859572851334,2.5201373915325522
329,dim54-clusters18-instances3000-overlap1e-06-1e-05-aspectref3-aspectmaxmin3-radius5-imbalance1-rep4,cSmartML,0.12037819095798041,0.5244717261422726,1.38072749892997
330,dim54-clusters2-instances200-overlap1e-06-1e-05-aspectref1.5-aspectmaxmin3-radius3-imbalance2-rep2,AutoML4Clust,0.18976477122295707,0.23614828031588017,2.27176103873154
331,dim54-clusters2-instances200-overlap1e-06-1e-05-aspectref1.5-aspectmaxmin3-radius3-imbalance2-rep2,Autocluster,-0.0031253025565644993,0.1397036934771061,5.197590377914341
332,dim54-clusters2-instances200-overlap1e-06-1e-05-aspectref1.5-aspectmaxmin3-radius3-imbalance2-rep2,ML2DAC,0.2012644132169398,0.22352068985699514,2.4753366458104917
333,dim54-clusters8-instances200-overlap1e-06-1e-05-aspectref1.5-aspectmaxmin3-radius3-imbalance2-rep3,AutoML4Clust,0.23826667123519116,0.15645440601103175,1.8224358485354586
334,dim54-clusters8-instances200-overlap1e-06-1e-05-aspectref1.5-aspectmaxmin3-radius3-imbalance2-rep3,Autocluster,0.12634143647657742,0.7264190932101322,1.9078522781925056
335,dim54-clusters8-instances200-overlap1e-06-1e-05-aspectref1.5-aspectmaxmin3-radius3-imbalance2-rep3,ML2DAC,0.2462015657238582,0.8875491191243482,1.796831013991662
336,dim54-clusters8-instances200-overlap1e-06-1e-05-aspectref1.5-aspectmaxmin3-radius3-imbalance2-rep3,cSmartML,0.007629220565780897,0.5504394645657453,1.9543503744793365
337,dim70-clusters13-instances4500-overlap1e-06-1e-05-aspectref3-aspectmaxmin1-radius5-imbalance2-rep1,AutoML4Clust,0.2495500001984984,0.08780893220569815,1.8468525542103968
338,dim70-clusters13-instances4500-overlap1e-06-1e-05-aspectref3-aspectmaxmin1-radius5-imbalance2-rep1,Autocluster,-0.006332015597839979,0.47572428504035624,5.826491151997637
339,dim70-clusters13-instances4500-overlap1e-06-1e-05-aspectref3-aspectmaxmin1-radius5-imbalance2-rep1,ML2DAC,0.1405978928123951,0.8100553474541559,3.718644032787187
340,dim70-clusters13-instances4500-overlap1e-06-1e-05-aspectref3-aspectmaxmin1-radius5-imbalance2-rep1,cSmartML,0.26541342000862733,0.06532063769806332,1.2819357621765048
341,dim70-clusters15-instances400-overlap1e-06-1e-05-aspectref3-aspectmaxmin3-radius3-imbalance1-rep1,AutoML4Clust,0.2501798283174233,0.29204469439745356,1.6439144971868753
342,dim70-clusters15-instances400-overlap1e-06-1e-05-aspectref3-aspectmaxmin3-radius3-imbalance1-rep1,Autocluster,0.11619695260947933,0.4129643554294525,2.260428052410472
343,dim70-clusters15-instances400-overlap1e-06-1e-05-aspectref3-aspectmaxmin3-radius3-imbalance1-rep1,ML2DAC,0.3554087695575453,0.05683011418439152,1.23946087458742
344,dim70-clusters15-instances400-overlap1e-06-1e-05-aspectref3-aspectmaxmin3-radius3-imbalance1-rep1,cSmartML,0.21910404263768601,0.20961836496348302,1.917025371066659
345,dim70-clusters19-instances3500-overlap1e-06-1e-05-aspectref3-aspectmaxmin1-radius5-imbalance1-rep2,AutoML4Clust,0.3087646372891814,0.1651393877713621,2.0739751948686345
346,dim70-clusters19-instances3500-overlap1e-06-1e-05-aspectref3-aspectmaxmin1-radius5-imbalance1-rep2,Autocluster,0.03812456376893955,0.5054150304200824,4.835587720850913
347,dim70-clusters19-instances3500-overlap1e-06-1e-05-aspectref3-aspectmaxmin1-radius5-imbalance1-rep2,ML2DAC,0.4397895458452662,0.025838862027201225,1.3840973765940612
348,dim70-clusters21-instances4000-overlap1e-06-1e-05-aspectref1.5-aspectmaxmin1-radius1-imbalance1-rep4,AutoML4Clust,0.23586422938338494,0.27671693489892024,2.138871898892942
349,dim70-clusters21-instances4000-overlap1e-06-1e-05-aspectref1.5-aspectmaxmin1-radius1-imbalance1-rep4,Autocluster,0.11199330645225208,0.6559378346323232,3.7706590956784805
350,dim70-clusters21-instances4000-overlap1e-06-1e-05-aspectref1.5-aspectmaxmin1-radius1-imbalance1-rep4,ML2DAC,0.20244023519582116,0.8298354076964999,1.9735727168637975
351,dim70-clusters21-instances4000-overlap1e-06-1e-05-aspectref1.5-aspectmaxmin1-radius1-imbalance1-rep4,cSmartML,0.30711552265787784,0.04696975985569993,1.1305893316920326
352,dim71-clusters11-instances2250-overlap1e-06-1e-05-aspectref3-aspectmaxmin3-radius1-imbalance1-rep1,AutoML4Clust,0.13931652444890139,0.5776722423301658,3.3632455833035038
353,dim71-clusters11-instances2250-overlap1e-06-1e-05-aspectref3-aspectmaxmin3-radius1-imbalance1-rep1,Autocluster,0.12338340629054934,0.6153530172327526,2.3892946085104256
354,dim71-clusters11-instances2250-overlap1e-06-1e-05-aspectref3-aspectmaxmin3-radius1-imbalance1-rep1,ML2DAC,0.16069184971670797,0.8762540982548842,2.3672550644605863
355,dim71-clusters11-instances2250-overlap1e-06-1e-05-aspectref3-aspectmaxmin3-radius1-imbalance1-rep1,cSmartML,0.1549185804562307,0.21378625442036486,1.8953081252001984
356,dim71-clusters19-instances600-overlap1e-06-1e-05-aspectref3-aspectmaxmin3-radius1-imbalance1-rep1,AutoML4Clust,0.2506718715707712,0.29964351973022074,1.5646856145458161
357,dim71-clusters19-instances600-overlap1e-06-1e-05-aspectref3-aspectmaxmin3-radius1-imbalance1-rep1,Autocluster,0.07402632555914501,0.47937764923127557,3.2258834486524752
358,dim71-clusters19-instances600-overlap1e-06-1e-05-aspectref3-aspectmaxmin3-radius1-imbalance1-rep1,ML2DAC,0.10027015042925223,0.5653599991544918,1.8724369031703205
359,dim71-clusters19-instances600-overlap1e-06-1e-05-aspectref3-aspectmaxmin3-radius1-imbalance1-rep1,cSmartML,0.3397877785539216,0.024232750979969037,1.1339909447444811
360,dim71-clusters2-instances2000-overlap1e-06-1e-05-aspectref1.5-aspectmaxmin3-radius5-imbalance1-rep2,AutoML4Clust,0.07420786693453547,0.2741180644862,2.5862612938663894
361,dim71-clusters2-instances2000-overlap1e-06-1e-05-aspectref1.5-aspectmaxmin3-radius5-imbalance1-rep2,Autocluster,0.273775112157981,0.7204249774858137,5.7602452804490305
362,dim71-clusters2-instances2000-overlap1e-06-1e-05-aspectref1.5-aspectmaxmin3-radius5-imbalance1-rep2,ML2DAC,0.3317172341461632,0.5037296291386747,2.541681590288224
363,dim71-clusters2-instances2000-overlap1e-06-1e-05-aspectref1.5-aspectmaxmin3-radius5-imbalance1-rep2,cSmartML,0.36579352612727467,0.5008227286684325,1.2554612630035942
364,dim71-clusters5-instances2250-overlap1e-06-1e-05-aspectref1.5-aspectmaxmin1-radius1-imbalance2-rep1,AutoML4Clust,0.163739879171199,0.8037003699899281,2.004834036057627
365,dim71-clusters5-instances2250-overlap1e-06-1e-05-aspectref1.5-aspectmaxmin1-radius1-imbalance2-rep1,Autocluster,0.09519637591602133,0.7060352817662215,2.8070454559119113
366,dim71-clusters5-instances2250-overlap1e-06-1e-05-aspectref1.5-aspectmaxmin1-radius1-imbalance2-rep1,ML2DAC,0.1925080277206259,0.9987450013032462,1.864654493447551
367,dim71-clusters5-instances2250-overlap1e-06-1e-05-aspectref1.5-aspectmaxmin1-radius1-imbalance2-rep1,cSmartML,0.15105142866128102,0.6172268988397802,2.2330993718545833
368,dim71-clusters6-instances2500-overlap1e-06-1e-05-aspectref3-aspectmaxmin1-radius3-imbalance2-rep2,AutoML4Clust,0.18695253490722383,0.36572221006276023,2.8852967369939546
369,dim71-clusters6-instances2500-overlap1e-06-1e-05-aspectref3-aspectmaxmin1-radius3-imbalance2-rep2,Autocluster,0.0014718065369438886,0.4021901253432279,6.60656181351135
370,dim71-clusters6-instances2500-overlap1e-06-1e-05-aspectref3-aspectmaxmin1-radius3-imbalance2-rep2,ML2DAC,0.22784989685014714,0.2922259579601406,2.444300952277283
371,dim71-clusters7-instances2500-overlap1e-06-1e-05-aspectref1.5-aspectmaxmin3-radius1-imbalance1-rep2,AutoML4Clust,0.1563398135383506,0.827339298900379,2.352109950807844
372,dim71-clusters7-instances2500-overlap1e-06-1e-05-aspectref1.5-aspectmaxmin3-radius1-imbalance1-rep2,Autocluster,0.07932235106407565,0.514651772659822,5.115582810546698
373,dim71-clusters7-instances2500-overlap1e-06-1e-05-aspectref1.5-aspectmaxmin3-radius1-imbalance1-rep2,ML2DAC,0.1398954633327425,0.69692948322433,2.262144957780677
374,dim71-clusters7-instances2500-overlap1e-06-1e-05-aspectref1.5-aspectmaxmin3-radius1-imbalance1-rep2,cSmartML,0.1598260278385633,0.23858256102429948,1.8517811005177514
375,dim99-clusters10-instances200-overlap1e-06-1e-05-aspectref3-aspectmaxmin3-radius3-imbalance2-rep3,AutoML4Clust,0.12496892399644288,0.1871466833243911,3.1390469191313364
376,dim99-clusters10-instances200-overlap1e-06-1e-05-aspectref3-aspectmaxmin3-radius3-imbalance2-rep3,Autocluster,0.018853728631134145,0.671470942179003,2.9668139947256353
377,dim99-clusters10-instances200-overlap1e-06-1e-05-aspectref3-aspectmaxmin3-radius3-imbalance2-rep3,ML2DAC,0.03422657389085333,0.9188699346665868,2.251213462016347
378,dim99-clusters10-instances200-overlap1e-06-1e-05-aspectref3-aspectmaxmin3-radius3-imbalance2-rep3,cSmartML,0.1552754454883481,0.10606993302458137,1.6356703780023838
379,dim99-clusters10-instances3500-overlap1e-06-1e-05-aspectref3-aspectmaxmin3-radius3-imbalance2-rep1,AutoML4Clust,0.05761784808027882,0.2603460982854937,3.892613332769936
380,dim99-clusters10-instances3500-overlap1e-06-1e-05-aspectref3-aspectmaxmin3-radius3-imbalance2-rep1,Autocluster,0.027645530892688102,0.20503911105973993,4.707426447362629
381,dim99-clusters10-instances3500-overlap1e-06-1e-05-aspectref3-aspectmaxmin3-radius3-imbalance2-rep1,ML2DAC,0.21830997699599672,0.08498577889184215,2.26293330497651
382,dim99-clusters10-instances3500-overlap1e-06-1e-05-aspectref3-aspectmaxmin3-radius3-imbalance2-rep1,cSmartML,0.04626594736754055,0.9980497713912805,2.5447131445636524
383,dim99-clusters15-instances450-overlap1e-06-1e-05-aspectref3-aspectmaxmin3-radius1-imbalance2-rep3,AutoML4Clust,0.21170181573425217,0.05449206724580252,1.7684883908132967
384,dim99-clusters15-instances450-overlap1e-06-1e-05-aspectref3-aspectmaxmin3-radius1-imbalance2-rep3,Autocluster,0.13280686098687264,0.5955042432660141,2.2502885936284205
385,dim99-clusters15-instances450-overlap1e-06-1e-05-aspectref3-aspectmaxmin3-radius1-imbalance2-rep3,ML2DAC,0.15689925130004473,0.6868680176413938,2.132986726582661
386,dim99-clusters15-instances450-overlap1e-06-1e-05-aspectref3-aspectmaxmin3-radius1-imbalance2-rep3,cSmartML,0.22817915785471626,0.08312137810431938,1.4704285564790511
387,dim99-clusters18-instances1750-overlap1e-06-1e-05-aspectref1.5-aspectmaxmin3-radius3-imbalance1-rep1,AutoML4Clust,0.13842775466553328,0.23705925428958022,2.6712728987177683
388,dim99-clusters18-instances1750-overlap1e-06-1e-05-aspectref1.5-aspectmaxmin3-radius3-imbalance1-rep1,Autocluster,0.0021972952256913356,0.39211937876022385,5.511247608340895
389,dim99-clusters18-instances1750-overlap1e-06-1e-05-aspectref1.5-aspectmaxmin3-radius3-imbalance1-rep1,ML2DAC,0.07354722102104592,0.9120598595272358,2.9371280620640103
390,dim99-clusters18-instances1750-overlap1e-06-1e-05-aspectref1.5-aspectmaxmin3-radius3-imbalance1-rep1,cSmartML,-0.0815440200225689,0.05464678949282118,2.354629367400274
